-- MySQL dump 10.13  Distrib 8.0.19, for Win64 (x86_64)
--
-- Host: localhost    Database: airbnb
-- ------------------------------------------------------
-- Server version	8.0.19

/*!40101 SET @OLD_CHARACTER_SET_CLIENT=@@CHARACTER_SET_CLIENT */;
/*!40101 SET @OLD_CHARACTER_SET_RESULTS=@@CHARACTER_SET_RESULTS */;
/*!40101 SET @OLD_COLLATION_CONNECTION=@@COLLATION_CONNECTION */;
/*!50503 SET NAMES utf8mb4 */;
/*!40103 SET @OLD_TIME_ZONE=@@TIME_ZONE */;
/*!40103 SET TIME_ZONE='+00:00' */;
/*!40014 SET @OLD_UNIQUE_CHECKS=@@UNIQUE_CHECKS, UNIQUE_CHECKS=0 */;
/*!40014 SET @OLD_FOREIGN_KEY_CHECKS=@@FOREIGN_KEY_CHECKS, FOREIGN_KEY_CHECKS=0 */;
/*!40101 SET @OLD_SQL_MODE=@@SQL_MODE, SQL_MODE='NO_AUTO_VALUE_ON_ZERO' */;
/*!40111 SET @OLD_SQL_NOTES=@@SQL_NOTES, SQL_NOTES=0 */;

--
-- Table structure for table `accommodation_types`
--

DROP TABLE IF EXISTS `accommodation_types`;
/*!40101 SET @saved_cs_client     = @@character_set_client */;
/*!50503 SET character_set_client = utf8mb4 */;
CREATE TABLE `accommodation_types` (
  `id` int unsigned NOT NULL,
  `name` varchar(30) NOT NULL,
  PRIMARY KEY (`id`)
) ENGINE=InnoDB DEFAULT CHARSET=utf8mb4 COLLATE=utf8mb4_0900_ai_ci;
/*!40101 SET character_set_client = @saved_cs_client */;

--
-- Dumping data for table `accommodation_types`
--

LOCK TABLES `accommodation_types` WRITE;
/*!40000 ALTER TABLE `accommodation_types` DISABLE KEYS */;
INSERT INTO `accommodation_types` VALUES (1,'Жилье целиком'),(2,'Отдельная комната'),(3,'Место в комнате');
/*!40000 ALTER TABLE `accommodation_types` ENABLE KEYS */;
UNLOCK TABLES;

--
-- Table structure for table `apartment_types`
--

DROP TABLE IF EXISTS `apartment_types`;
/*!40101 SET @saved_cs_client     = @@character_set_client */;
/*!50503 SET character_set_client = utf8mb4 */;
CREATE TABLE `apartment_types` (
  `id` int unsigned NOT NULL,
  `name` varchar(30) NOT NULL,
  PRIMARY KEY (`id`)
) ENGINE=InnoDB DEFAULT CHARSET=utf8mb4 COLLATE=utf8mb4_0900_ai_ci;
/*!40101 SET character_set_client = @saved_cs_client */;

--
-- Dumping data for table `apartment_types`
--

LOCK TABLES `apartment_types` WRITE;
/*!40000 ALTER TABLE `apartment_types` DISABLE KEYS */;
INSERT INTO `apartment_types` VALUES (1,'Квартира'),(2,'Дом'),(3,'Жилье при доме/квартире'),(4,'Уникальное жилье'),(5,'B&B'),(6,'Бутик-отель'),(7,'Кондоминимум'),(8,'Лофт'),(9,'Апартаменты');
/*!40000 ALTER TABLE `apartment_types` ENABLE KEYS */;
UNLOCK TABLES;

--
-- Table structure for table `apartments`
--

DROP TABLE IF EXISTS `apartments`;
/*!40101 SET @saved_cs_client     = @@character_set_client */;
/*!50503 SET character_set_client = utf8mb4 */;
CREATE TABLE `apartments` (
  `id` int unsigned NOT NULL,
  `host_id` int unsigned NOT NULL,
  `price` int NOT NULL,
  `apartment_name` varchar(50) CHARACTER SET utf8 COLLATE utf8_unicode_ci NOT NULL,
  `country_id` int unsigned NOT NULL,
  `city` varchar(100) COLLATE utf8_unicode_ci NOT NULL,
  `apartment_photo_id` int unsigned NOT NULL,
  `apartment_type` int unsigned NOT NULL,
  `accommodation_type` int unsigned NOT NULL,
  `description` text CHARACTER SET utf8 COLLATE utf8_unicode_ci NOT NULL,
  `apartment_rating` int unsigned DEFAULT NULL,
  `apartment_status_confirmation` int unsigned DEFAULT NULL,
  `created_at` datetime DEFAULT CURRENT_TIMESTAMP,
  PRIMARY KEY (`id`),
  KEY `apartments_host_id_fk` (`host_id`),
  KEY `apartments_photo_id_fk` (`apartment_photo_id`),
  KEY `apartments_country_id_city_price_id_idx` (`country_id`,`city`,`price`,`id`),
  KEY `apartments_id_apartment_photo_id_idx` (`id`,`apartment_photo_id`),
  KEY `apartments_apartment_type_id` (`apartment_type`,`id`),
  KEY `apartments_accommodation_type_id` (`accommodation_type`,`id`),
  KEY `apartments_apartment_status_confirmation_id_idx` (`apartment_status_confirmation`,`id`),
  CONSTRAINT `apartments_accommodation_type_fk` FOREIGN KEY (`accommodation_type`) REFERENCES `accommodation_types` (`id`),
  CONSTRAINT `apartments_apartment_status_confirmation_fk` FOREIGN KEY (`apartment_status_confirmation`) REFERENCES `confirmation_statuses` (`id`),
  CONSTRAINT `apartments_apartment_type_fk` FOREIGN KEY (`apartment_type`) REFERENCES `apartment_types` (`id`),
  CONSTRAINT `apartments_country_id_fk` FOREIGN KEY (`country_id`) REFERENCES `countries` (`id`),
  CONSTRAINT `apartments_host_id_fk` FOREIGN KEY (`host_id`) REFERENCES `users` (`id`) ON DELETE CASCADE,
  CONSTRAINT `apartments_photo_id_fk` FOREIGN KEY (`apartment_photo_id`) REFERENCES `photos_users_apartments` (`id`)
) ENGINE=InnoDB DEFAULT CHARSET=utf8 COLLATE=utf8_unicode_ci;
/*!40101 SET character_set_client = @saved_cs_client */;

--
-- Dumping data for table `apartments`
--

LOCK TABLES `apartments` WRITE;
/*!40000 ALTER TABLE `apartments` DISABLE KEYS */;
INSERT INTO `apartments` VALUES (1,3,220,'rem',20,'Leestad',370,4,1,'Numquam quod est eum maiores non. Eaque modi adipisci eaque perferendis. Ipsam aut minima est ut quo. Et at dolore necessitatibus accusantium voluptatibus quas minima. Id sunt sint quas enim vero molestias.',2,2,'2007-10-02 16:31:49'),(2,20,2,'minima',29,'Port Jarodville',284,8,3,'Eveniet perferendis quia assumenda blanditiis. Tempore qui commodi consectetur quo culpa dolorem et. Itaque nihil ut sit fugiat esse consequatur.',1,3,'1970-10-19 12:51:16'),(3,4,246,'quas',4,'East Devan',100,7,3,'Et qui et quia qui enim porro similique. Dolor officiis ut distinctio tempora. Et in aut consequuntur.',4,2,'2009-01-04 08:38:00'),(4,54,202,'corporis',15,'Effertzburgh',211,5,3,'Quos rerum soluta reiciendis adipisci. Qui alias sit voluptatem rem et quod. Ut omnis omnis nostrum in et voluptatem vel.',1,2,'1988-06-11 01:12:17'),(5,46,181,'a',21,'East Rebeccaville',48,8,3,'Consequatur corporis nostrum animi. Est ipsa sapiente repudiandae. Ipsam pariatur qui omnis omnis sit harum iure laborum. Minima autem consequatur sint.',3,3,'1972-12-20 20:52:10'),(6,27,13,'saepe',18,'Isobelberg',235,3,2,'Dolorem a cum officia eius. Labore ipsum autem quos incidunt aliquid illum. Reprehenderit ut delectus qui sunt dolorem magni. Nesciunt quibusdam veritatis sequi quo. Velit fuga molestiae dolor tempore corporis ea a minus.',4,3,'1988-04-22 11:37:09'),(7,67,112,'ut',30,'Nikolausmouth',354,1,3,'Enim qui harum officia. Cupiditate debitis blanditiis qui omnis eligendi deleniti architecto. Ea dolor exercitationem recusandae repudiandae similique saepe quia. Ut at inventore tempora ut aut.',1,2,'2009-12-05 17:31:02'),(8,59,52,'laborum',13,'North Laceymouth',389,9,2,'Iusto rerum sunt debitis aut. Possimus sunt sed accusamus occaecati a accusantium. Maxime maxime et itaque possimus et ducimus dolores cumque. Non consectetur et et aut vel voluptatem.',2,2,'2009-11-27 16:03:03'),(9,74,121,'voluptatibus',16,'Tyreeville',52,4,2,'Et numquam ullam sed sit molestias et. Minus corrupti impedit atque labore beatae inventore. Quia ut maxime sunt aperiam quisquam aliquam in.',3,2,'1985-10-05 05:11:41'),(10,48,251,'amet',1,'South Marisol',382,8,3,'Et rerum tenetur porro aut iure nesciunt. Inventore voluptatibus molestiae sint saepe numquam ipsa. Sapiente in itaque ut quidem earum atque tempora.',1,1,'1994-07-01 09:10:00'),(11,11,192,'id',34,'Olenfurt',19,4,3,'Est totam officia dignissimos ea voluptates non voluptates. Sit error cumque magni aut quo. Quam quasi eos reprehenderit iusto libero impedit veritatis. Labore harum ipsa eum sunt sint vero enim omnis. Dolorem enim laudantium voluptatem quasi iure.',2,3,'1973-05-27 01:53:45'),(12,49,199,'sit',10,'Jeaniestad',315,9,3,'Architecto nihil nobis eum quasi dolorum ea deserunt perspiciatis. Minus inventore suscipit quia aut quibusdam asperiores voluptatem. Aliquam ratione rerum veritatis vero ab fugit sit ducimus. Officiis dolore aut commodi fugit sed est sequi aut.',4,3,'1987-03-13 01:52:17'),(13,64,240,'et',24,'Marjolainefurt',112,9,1,'Non veritatis quos dolorum eum voluptate sunt. Tempore repudiandae adipisci minima quia. Non facere sit quas occaecati ullam dolor.',4,2,'1976-07-19 19:19:38'),(14,2,8,'rerum',11,'Lake Kaylee',162,3,3,'Rem aperiam laborum vitae nulla maiores. Perferendis vitae quisquam doloremque veniam ut nesciunt. Repellendus cumque id et adipisci est officia repellendus. Et ut placeat odio nam.',5,1,'1976-10-09 10:24:32'),(15,5,3,'laboriosam',21,'West Anabel',159,4,1,'Nulla quam suscipit facere eius corporis autem. Nihil laborum minus ipsum autem qui. Officia voluptatibus ea delectus aut deserunt. Reprehenderit quia officiis non aliquid magnam id.',4,1,'1975-04-08 08:48:17'),(16,60,3,'dicta',32,'South Koreyville',5,7,1,'Nam amet incidunt tempore voluptatem aliquid. Eligendi vero mollitia libero dolorem. Voluptatem est ullam neque omnis perferendis nihil illum. Voluptatum harum magni perferendis officiis nostrum autem. Incidunt quis incidunt quia a itaque quam autem.',4,3,'2015-07-30 11:32:51'),(17,26,268,'debitis',17,'East Katelynn',312,8,3,'Eum ut magnam cum et. Earum consequatur voluptatem aliquid sed deserunt. Aspernatur quae debitis dolores iste ut.',3,3,'2012-01-03 01:07:47'),(18,92,10,'labore',29,'Tayaland',336,4,3,'Architecto consequatur ea voluptatem ducimus doloremque. Quo non est incidunt. Impedit ipsa asperiores ut vel labore accusamus. Possimus voluptatem reprehenderit non.',1,2,'1977-10-22 02:38:35'),(19,21,6,'est',15,'Bartolettimouth',342,5,3,'Quos quia amet est fugiat neque ratione ut consequatur. Vero sunt earum voluptas aut ut. Facilis sit voluptatum laborum aut error qui animi.',2,2,'1983-04-16 11:15:53'),(20,73,207,'dolores',26,'North Justine',210,2,2,'Rerum exercitationem fugiat ratione perspiciatis doloremque sed vitae dolor. Dolorem maxime praesentium quaerat nulla fugiat nemo est. Quisquam rerum quidem vel.',5,2,'2009-01-10 05:41:24'),(21,51,117,'qui',4,'West Jakob',110,4,1,'Rerum nisi tempora tempora et exercitationem. Occaecati soluta consequuntur magnam officiis illum. Laborum fuga temporibus voluptas fuga eos similique dolorem. Maxime illum ea aut asperiores.',4,1,'1997-07-07 23:26:12'),(22,55,78,'error',20,'Mayaside',227,1,1,'Est velit tempore dolorem iusto sunt inventore earum. Sunt non aut doloremque ex. Animi rerum error sunt similique. Et eum ipsam consequuntur repellendus sed vitae.',1,1,'1984-09-19 02:41:15'),(23,91,262,'delectus',10,'Stefanstad',316,2,2,'Ab eveniet inventore eveniet laborum. Dolore facilis omnis eum omnis. Ipsa architecto magnam enim. Quod beatae voluptatum quam deleniti alias possimus.',5,3,'1979-11-20 14:11:07'),(24,87,185,'pariatur',28,'North Ginoshire',73,3,2,'Quia hic iste illo porro voluptatum. Rerum expedita ex possimus non. Dolores hic aperiam voluptas quam natus. Exercitationem molestiae rerum soluta itaque qui.',3,2,'1972-01-23 06:25:20'),(25,44,60,'quisquam',29,'New Golda',386,8,3,'Non velit laudantium rerum cupiditate placeat quod enim corporis. Sint eum veniam quidem quia magni. Exercitationem illum aut porro laborum laudantium.',5,2,'2014-09-22 10:15:40'),(26,56,16,'voluptas',20,'West Al',211,5,3,'Rerum inventore voluptas totam cumque delectus voluptatum dolores. Qui natus nisi rerum doloremque at distinctio.',4,1,'1976-02-22 01:24:07'),(27,93,111,'impedit',13,'North Loma',166,7,3,'In nostrum eveniet voluptate iste. Distinctio non tempora et. In assumenda dolorem voluptatem velit tempora et. Laborum recusandae nobis quia ratione neque reiciendis.',4,2,'1988-11-22 21:19:52'),(28,88,77,'occaecati',4,'South Brantland',314,3,1,'Laborum exercitationem voluptas soluta veniam voluptatum. Blanditiis et rem nobis omnis sed cupiditate quas. Ut perferendis non et dolorem aperiam ipsum. In impedit eligendi atque dignissimos cum suscipit.',2,2,'1974-10-13 07:30:09'),(29,34,51,'voluptates',22,'Marquiseton',131,5,2,'Laborum vero qui ut incidunt impedit dolorem. Aut necessitatibus hic aut placeat. Et enim ut nihil.',4,3,'1975-06-12 22:42:24'),(30,29,25,'cum',17,'Bahringerburgh',398,5,3,'Nesciunt et nobis facilis doloremque necessitatibus. In quia eaque non magnam. Et quasi nobis ut dignissimos.',5,3,'2004-02-16 06:02:59'),(31,85,268,'est',16,'Lolamouth',308,3,1,'Omnis doloribus earum aut est expedita harum perferendis. Natus aperiam vitae eos esse. Accusamus officia autem earum optio qui aut nihil.',4,3,'2010-08-24 01:34:55'),(32,24,2,'architecto',32,'West Deborah',127,2,2,'Quia distinctio nam ea dolores nostrum nihil fuga. Qui et accusamus accusamus doloremque. Quibusdam ut dolorem consequatur quis tempora at. Aut delectus laborum exercitationem labore sit pariatur.',2,3,'2013-08-20 13:36:40'),(33,32,67,'temporibus',28,'Gulgowskifort',28,6,3,'Aut vero ut et ipsum ullam quas ea officiis. Autem blanditiis velit non consequatur qui. Perferendis velit rerum ab quod necessitatibus nisi.',2,2,'2016-12-30 07:24:53'),(34,16,131,'eveniet',6,'Welchmouth',72,6,3,'Et excepturi sunt aut quia. Sint minima cupiditate dignissimos expedita nisi.',1,2,'1997-01-03 19:06:06'),(35,70,11,'autem',26,'McKenzietown',73,1,1,'Soluta eos quae quas eligendi et. Reprehenderit et veniam reiciendis ipsam et dolores velit.',3,1,'1970-02-23 00:00:02'),(36,89,2,'rerum',31,'South Alizechester',174,5,2,'Aliquam voluptas dolorum numquam illo quisquam dolorem sint. Voluptas aut praesentium et enim occaecati. Tempore et laboriosam est error in tempore qui. Dolor voluptas sint numquam voluptate sunt ea vitae.',2,1,'1971-03-14 21:35:34'),(37,41,152,'cumque',37,'Williamsonton',178,2,2,'Aut alias excepturi doloremque aliquid fuga vel quia. Nulla illum dolorum debitis. Dolor est perspiciatis qui temporibus voluptas illum officiis.',4,2,'2012-04-30 09:20:34'),(38,37,69,'magni',10,'Jacobiview',79,1,3,'Omnis quae excepturi blanditiis fugit voluptatum. Aliquam sunt possimus debitis ut minus aut. Sint fugit sed voluptatem ut cumque. Ipsa velit id minus incidunt autem quia nostrum. Sint neque praesentium et earum reprehenderit necessitatibus culpa.',2,2,'1980-05-04 03:19:50'),(39,13,187,'quos',20,'Antwanburgh',322,4,3,'Voluptatem odio aut pariatur delectus sequi molestiae. Eum qui tempora corrupti saepe quasi inventore explicabo. Incidunt et asperiores officiis doloribus dolor. Molestiae sint enim delectus et commodi omnis placeat.',5,2,'2009-09-07 14:49:44'),(40,100,129,'totam',31,'West Ubaldoport',295,6,2,'Exercitationem non est recusandae nihil est quod perspiciatis. Est amet maiores maxime beatae. Aliquam quod nulla nobis quas repudiandae vitae. Quia et quod voluptatum temporibus.',5,2,'2020-01-04 15:26:21'),(41,95,83,'in',12,'Melissatown',198,6,3,'Alias quia voluptates eos nisi. Et corporis debitis a voluptatem doloremque fuga est. Temporibus enim labore voluptatem quia voluptatum ea.',5,2,'2007-09-06 21:57:31'),(42,80,89,'magni',8,'Hayesstad',377,2,3,'Et maxime consequatur voluptas nihil tenetur. Voluptatem et quia cum fugit et. Odit sit at numquam occaecati accusamus eos.',1,3,'2010-04-15 17:13:34'),(43,35,29,'non',3,'Lake Karen',161,3,2,'Inventore exercitationem corrupti ullam vero minus. Consequatur eligendi sunt amet et omnis quos numquam. Nisi est qui pariatur natus. Earum id enim eum inventore iste et placeat qui.',3,1,'1998-10-04 07:29:04'),(44,79,194,'occaecati',30,'Lake Lincoln',148,2,2,'Veritatis ipsa eveniet vero. Et quia hic temporibus laudantium iste. Quia modi et et est consequatur alias.',5,3,'2008-03-15 18:45:32'),(45,58,283,'illo',21,'Bartonville',391,5,2,'Eum repellat architecto nisi recusandae architecto. Dicta sed officiis quam velit corrupti est. Eligendi accusantium velit dolor minus eveniet beatae excepturi. Consequuntur nulla placeat iure.',4,1,'2001-05-11 13:49:41'),(46,72,233,'accusamus',16,'Chayaborough',7,5,2,'Sint sint ea autem asperiores fugit quasi. Impedit ea sed et nisi ea. Nesciunt facilis consequatur est voluptatem voluptatem non aut. Asperiores architecto voluptatem soluta et reiciendis tenetur laudantium.',1,3,'1978-09-23 21:30:02'),(47,96,14,'eaque',13,'Royton',367,5,2,'Nihil quaerat modi eius cumque iusto nesciunt omnis. Voluptas eaque ex quam aliquam. Sunt magnam repellendus sed sunt cumque rerum perferendis. Qui pariatur voluptatem nihil praesentium minus aut optio qui.',2,3,'2016-10-25 01:10:26'),(48,38,2,'exercitationem',20,'Lubowitzhaven',276,3,1,'Ipsam placeat aut illo nihil et adipisci. Voluptatibus odio laborum amet quidem perspiciatis voluptates magnam. Dolor amet laborum voluptas tempora quae similique. Vel quos aut placeat.',2,3,'2016-08-21 19:16:17'),(49,53,272,'qui',19,'Rueckerfort',229,4,3,'Consequatur et dicta vitae aliquam et soluta. Sed illum deserunt voluptate voluptate labore. Doloribus dicta velit molestiae et vero vel adipisci. Sunt ut ea eos reiciendis.',4,3,'1979-07-10 02:39:56'),(50,25,118,'tempore',33,'Croninstad',361,8,1,'Fuga corrupti quia doloremque modi. Debitis consequatur non placeat rerum nulla qui. Voluptatem eum culpa et.',4,2,'1978-02-11 09:03:42'),(51,50,71,'maxime',28,'Wymanville',152,7,2,'Sequi rerum nesciunt officiis sit quibusdam aut laboriosam eum. Quisquam iusto ipsum debitis. Voluptas ex magni fugit aut est ex facere. Sed eveniet itaque alias non.',5,3,'1973-10-05 08:29:51'),(52,84,189,'voluptatibus',2,'West Ernestine',315,1,1,'Eum quos quia qui. Delectus voluptatibus dignissimos odio atque molestiae sint. Quod maiores aut aut molestiae. Error odit occaecati dolorem nesciunt magni et.',5,1,'2016-10-24 12:49:45'),(53,7,77,'ex',6,'South Lisaborough',14,8,3,'Nemo cupiditate iure consequatur corporis. Debitis vel tempora quia esse. Iusto in rerum et perferendis voluptas quo necessitatibus.',4,3,'1996-02-06 05:24:51'),(54,18,1,'et',22,'West Brycenmouth',87,2,1,'Est et iure libero modi amet in quo. Rerum aut est dolore odit accusamus minus sed.',2,3,'1994-06-18 12:08:14'),(55,94,67,'ea',12,'Port Helmer',297,2,1,'Similique quis vero iure sequi accusantium. Voluptates similique qui reiciendis quas aliquam. Excepturi explicabo voluptatem et est voluptate.',1,3,'1985-12-30 14:32:30'),(56,66,93,'nesciunt',35,'East Waldo',292,3,1,'Veniam non aliquid veritatis odit ea. Et dolore rerum eligendi. Ea perferendis aliquam iste quo. Delectus modi maiores aut iure voluptate et veniam. Harum qui unde perspiciatis enim.',4,3,'1997-03-25 18:48:52'),(57,30,163,'doloremque',18,'Rodriguezville',172,1,1,'Ex praesentium neque voluptatum. Ullam soluta molestiae similique ut. Qui aut vitae mollitia ea autem at aut.',5,3,'1970-09-05 00:01:53'),(58,9,5,'voluptate',22,'South Osbornehaven',326,1,1,'Eaque aliquam optio iure veritatis rerum. Consequatur explicabo temporibus sunt sit enim neque ut. Adipisci quia culpa occaecati soluta laudantium.',5,1,'1994-10-25 22:42:24'),(59,97,118,'quia',18,'West Alejandra',263,6,2,'Veritatis id iure quo id fuga occaecati. Et est sunt neque animi omnis quis. Quibusdam harum odit eveniet unde blanditiis.',2,1,'1985-01-17 08:15:23'),(60,90,234,'in',21,'Schillertown',198,4,1,'Quis eaque esse voluptatem quae est. Accusamus saepe et ducimus nam et dolorem odit. Ut et et ratione est. Quo nulla illum consectetur.',4,2,'1994-10-25 15:00:37'),(61,99,79,'quam',13,'Lake Verlie',370,6,1,'Pariatur sit eligendi nostrum velit autem. Et ut qui error animi. Consequatur molestiae culpa qui labore.',5,2,'1971-05-05 15:08:11'),(62,8,294,'eos',2,'Russelville',32,7,3,'Voluptates eius nihil necessitatibus non voluptas exercitationem. Et et sint rerum et qui molestias doloribus. Repellendus quia esse vitae quia. Illo quis quo non.',1,1,'1972-05-05 18:05:08'),(63,17,33,'explicabo',9,'Bednarfurt',38,4,2,'Vel qui quos qui enim qui autem. Blanditiis ex id vel voluptatem quidem sed. Quae qui reiciendis iusto neque vitae id quidem molestias.',3,2,'1978-08-03 10:55:29'),(64,10,58,'perferendis',38,'Pfannerstillville',138,9,2,'Laborum ipsa quibusdam expedita est odio. Necessitatibus et enim et ea quos recusandae incidunt. Recusandae in dignissimos nesciunt consequatur ut expedita. Maxime blanditiis voluptas voluptatem consectetur est aperiam fuga.',1,2,'2008-12-28 18:31:25'),(65,40,237,'fugit',3,'Lake Lauriane',270,8,3,'Cum nihil architecto deserunt iusto. In quam enim tempora possimus. Repellat impedit voluptas tempore voluptatem id.',4,1,'2002-04-04 14:26:17'),(66,83,182,'minus',19,'Heathcoteberg',177,4,3,'Cupiditate autem nesciunt vel. Ut suscipit dolorem magni reiciendis dolores placeat laboriosam. Dolor molestiae illo est velit qui animi. Et et sit suscipit.',2,1,'1987-01-30 16:37:39'),(67,14,6,'nihil',5,'Kaiahaven',17,1,2,'Similique est ut explicabo sapiente doloribus. Voluptatibus qui rerum reiciendis eligendi ut esse corporis. Aspernatur ut quo facere nihil quae vero natus. Cumque consequatur cupiditate fuga sed.',5,1,'1982-09-19 12:27:03'),(68,31,212,'sint',9,'Langworthhaven',287,2,1,'Ipsum perferendis ipsum excepturi quaerat quibusdam. Hic officiis sed voluptate et repellat. Aut veniam tenetur magni ea soluta non. Assumenda quo ea sit minus. Accusamus sed pariatur sit porro qui.',4,2,'2012-01-10 03:23:17'),(69,6,211,'corrupti',28,'Anastasiaberg',33,9,3,'Perferendis totam culpa sed ut qui et quasi. Voluptatum modi vero fugiat ut consequatur esse. Iure sit dolor nihil vel voluptates dolor consequatur laborum. Dignissimos inventore sed voluptas amet maxime.',2,3,'2005-08-26 05:58:01'),(70,82,119,'sed',34,'South Osborne',125,8,2,'Eveniet sint est earum voluptas. Blanditiis enim mollitia ratione odit debitis eum beatae. Quaerat dolor accusamus aut ducimus quis.',1,1,'2010-12-28 21:25:53'),(71,86,262,'explicabo',3,'Newellview',250,3,3,'Enim a repudiandae voluptatem deleniti illo non. Rem voluptatem ab natus sunt in. Repudiandae itaque dolores voluptates autem laborum.',2,2,'2016-05-03 19:16:50'),(72,23,51,'eveniet',34,'Port Elnora',381,7,2,'Eos quia dolorem consequuntur quod cum temporibus et. Eum et et voluptatem molestiae dolorem. Facilis doloremque est quo eaque quo.',5,1,'1976-10-25 15:42:33'),(73,62,111,'temporibus',2,'New Betsy',69,9,2,'Dolorem totam perferendis aut quia vero consequatur quia et. Dolorum sint sapiente assumenda. Illum quia suscipit omnis rem temporibus mollitia.',1,3,'1983-11-13 23:13:57'),(74,63,70,'qui',25,'Ziemannmouth',63,1,3,'Harum dolorem maiores et qui voluptas quisquam. Qui tenetur consectetur magnam totam. Omnis dignissimos iure eaque.',1,1,'1977-01-28 22:01:32'),(75,42,122,'minima',38,'Calistastad',111,1,2,'Est expedita sed repudiandae consectetur doloribus expedita maxime. Aut possimus qui rerum sed aut nam. Qui architecto laudantium rerum dicta debitis quas similique.',4,3,'1998-02-13 07:03:20'),(76,69,195,'qui',37,'North Bayleeside',157,5,2,'Animi omnis et aperiam beatae rerum. Quo provident quo id omnis. Rem est ut harum dicta perferendis officiis iure nihil.',2,1,'2003-09-05 06:41:52'),(77,19,166,'ipsam',28,'Kochborough',19,4,1,'Accusantium est iste at harum hic quis est odit. Unde quis ut sit quas autem tenetur delectus. Culpa maiores fugit voluptatem explicabo nisi.',3,2,'1971-09-01 02:23:03'),(78,61,144,'vel',29,'Port Eudoraborough',265,7,3,'Tempora sapiente libero maiores numquam. Ut laboriosam dolor qui libero et dolorem. Omnis fugiat ut consequatur perferendis possimus doloremque et inventore.',5,1,'1980-06-05 12:05:32'),(79,98,244,'delectus',19,'South Jasen',183,4,3,'Nihil earum qui voluptatem nisi laborum. Recusandae repellat neque ut molestias laboriosam. Consectetur at placeat nihil aspernatur. Libero et corporis ea culpa corrupti dolorem non. Sit itaque qui placeat qui qui veritatis.',1,3,'1983-03-15 05:31:01'),(80,39,87,'inventore',10,'Kubchester',98,9,3,'Incidunt eaque nam dolor. Nobis accusamus exercitationem doloremque unde. Id odio est voluptatem aut qui aut.',1,3,'1995-08-21 15:54:07'),(81,36,120,'dolorem',33,'Port Myah',361,8,2,'Expedita eum exercitationem minima error sed. Consequatur maiores debitis quisquam iusto et aut qui. Est non quam non quidem architecto.',2,3,'2017-09-02 05:09:37'),(82,45,1,'beatae',12,'Botsfordmouth',207,4,2,'Maxime iusto eos error quasi. Deserunt libero iste cupiditate placeat cum. Vero quaerat aut ipsam nihil omnis est quam animi.',5,3,'2006-10-17 07:03:35'),(83,22,168,'qui',1,'South Markushaven',66,9,3,'Voluptate occaecati dolorem quasi numquam voluptatem voluptatem eos. Adipisci modi cumque et iste et.',5,2,'1987-03-15 19:00:55'),(84,28,44,'ut',11,'Framiside',266,3,2,'Architecto ipsam facere et incidunt ea quo. Repudiandae ea eius qui sed officiis. Iusto aliquam et quod sit sunt mollitia. Totam commodi adipisci beatae quis sed est alias.',1,2,'1996-06-30 11:47:47'),(85,57,5,'temporibus',10,'Eliezerbury',209,4,1,'Tempore harum pariatur voluptas animi ullam pariatur repudiandae. Maiores et vel rem velit ad sed. Aliquam blanditiis quae est possimus.',1,2,'1994-11-21 07:16:54'),(86,78,178,'dolorum',17,'Romagueraview',190,9,2,'Possimus eaque consequatur et est officiis. Non aut dolores aspernatur accusantium quis fuga maiores magnam. Sapiente odit reiciendis qui earum.',5,1,'1998-01-22 17:00:15'),(87,71,88,'nesciunt',13,'North Elenoramouth',197,1,3,'Sunt sed nulla similique magnam aliquid est corporis. Animi laudantium aperiam labore facilis quod et nulla dolorem. Eum rerum error quod.',3,2,'1994-09-27 08:20:41'),(88,75,205,'natus',16,'Mitchellshire',376,4,1,'Magni et repellendus aut voluptas optio. At blanditiis aut cum quam laboriosam qui ut officiis. Vel et non quia. Quis aut dignissimos quis qui ad earum dolore illum. Molestiae eligendi eveniet asperiores.',5,2,'1995-04-20 21:09:58'),(89,52,214,'et',39,'Rutherfordside',370,5,1,'Velit ipsum eius officia placeat expedita expedita sunt. Sapiente nihil cumque culpa aut ut. Nobis delectus quam voluptas odio blanditiis culpa. Eaque perferendis aut labore dolorem.',2,2,'1978-11-06 13:12:57'),(90,15,160,'sint',27,'Gutkowskiborough',364,9,1,'Omnis minus iusto quas voluptatum. Sunt hic dolorum libero animi velit quaerat. Tempore blanditiis incidunt vero ipsa eveniet alias. Veniam omnis perspiciatis doloremque.',2,2,'1971-05-10 07:54:51'),(91,76,186,'rerum',17,'Port Josue',356,7,2,'Est numquam harum eos sint officia. Enim et quas aliquid molestiae deserunt rerum. Et necessitatibus debitis rem et ullam sint neque atque. Asperiores voluptatem nulla doloremque tempore voluptatem.',4,3,'1981-12-18 01:26:48'),(92,81,148,'aut',2,'South Deondre',174,9,1,'Consequatur minima sed dolorem. Id aut nulla quaerat deleniti. Nostrum earum est qui totam eos officia ex. Odio sint odit velit laborum voluptatem.',1,3,'2018-01-16 16:12:03'),(93,33,5,'repellendus',1,'Goyettestad',269,5,2,'Modi eum a ullam ex. Iste laudantium deleniti perspiciatis natus velit id. Voluptatem voluptas non rem voluptatum. Et inventore accusamus ut dolor rerum.',1,2,'2010-01-26 05:31:32'),(94,1,182,'delectus',36,'Shannyfurt',91,9,1,'Reiciendis nisi aut et aut placeat aut. Eos enim amet iste omnis animi in delectus sequi. Libero amet aut cum sed voluptatem.',4,2,'1983-05-12 00:17:36'),(95,65,6,'id',16,'Kochchester',4,3,2,'Nemo natus optio ex inventore quam. Inventore ut voluptatum itaque temporibus. Error facilis dolor quae sed est et aspernatur.',1,2,'1998-02-15 22:18:45'),(96,12,41,'non',13,'New Abdultown',325,2,2,'Et est porro et voluptate sint nemo occaecati quia. Nihil sed natus est et aut. Tempora rem velit incidunt sit nesciunt. Qui dolorum expedita qui voluptate assumenda.',3,1,'1984-01-19 07:33:45'),(97,68,164,'ullam',16,'Kulasmouth',96,9,1,'Quo autem omnis dolores. Tempore rerum saepe et dignissimos natus.',2,2,'2019-05-02 05:56:51'),(98,47,159,'consequatur',2,'Howestad',49,4,3,'Dolore et repellat adipisci et. Harum numquam unde aut ipsa.',2,3,'1983-04-23 16:10:49'),(99,43,273,'aperiam',39,'North Lisaland',250,6,1,'Velit ea assumenda repudiandae autem suscipit minus ea. Vero nisi corrupti officiis a. Modi ea doloremque et autem. Cumque corrupti laudantium perferendis quia.',5,2,'1994-10-24 11:26:26'),(100,77,273,'illum',28,'Lake Berniece',159,2,2,'Sunt sint eos eveniet cumque. Dolorum quia molestias corrupti asperiores magnam reiciendis voluptas. Nesciunt quod ex sed provident.',3,1,'2001-07-28 22:31:29');
/*!40000 ALTER TABLE `apartments` ENABLE KEYS */;
UNLOCK TABLES;
/*!50003 SET @saved_cs_client      = @@character_set_client */ ;
/*!50003 SET @saved_cs_results     = @@character_set_results */ ;
/*!50003 SET @saved_col_connection = @@collation_connection */ ;
/*!50003 SET character_set_client  = cp866 */ ;
/*!50003 SET character_set_results = cp866 */ ;
/*!50003 SET collation_connection  = cp866_general_ci */ ;
/*!50003 SET @saved_sql_mode       = @@sql_mode */ ;
/*!50003 SET sql_mode              = 'STRICT_TRANS_TABLES,NO_ENGINE_SUBSTITUTION' */ ;
DELIMITER ;;
/*!50003 CREATE*/ /*!50017 DEFINER=`root`@`localhost`*/ /*!50003 TRIGGER `not_null` BEFORE INSERT ON `apartments` FOR EACH ROW begin 
if new.price is null and new.apartment_type is null and new.accommodation_type is null then 
SIGNAL SQLSTATE '45000' SET MESSAGE_TEXT = 'Insert canceled. Need price, apartment_type and accommodation_type'; 
else
begin
set new.price = new.price;
set new.apartment_type = new.apartment_type;
set new.accommodation_type = new.accommodation_type;
end;
end if;
end */;;
DELIMITER ;
/*!50003 SET sql_mode              = @saved_sql_mode */ ;
/*!50003 SET character_set_client  = @saved_cs_client */ ;
/*!50003 SET character_set_results = @saved_cs_results */ ;
/*!50003 SET collation_connection  = @saved_col_connection */ ;

--
-- Table structure for table `apartments_guests`
--

DROP TABLE IF EXISTS `apartments_guests`;
/*!40101 SET @saved_cs_client     = @@character_set_client */;
/*!50503 SET character_set_client = utf8mb4 */;
CREATE TABLE `apartments_guests` (
  `guest_id` int unsigned NOT NULL,
  `apartment_id` int unsigned NOT NULL,
  KEY `apartments_guests_guest_id_fk` (`guest_id`),
  KEY `apartments_guests_apartment_id_fk` (`apartment_id`),
  CONSTRAINT `apartments_guests_apartment_id_fk` FOREIGN KEY (`apartment_id`) REFERENCES `apartments` (`id`) ON DELETE CASCADE,
  CONSTRAINT `apartments_guests_guest_id_fk` FOREIGN KEY (`guest_id`) REFERENCES `users` (`id`) ON DELETE CASCADE
) ENGINE=InnoDB DEFAULT CHARSET=utf8 COLLATE=utf8_unicode_ci;
/*!40101 SET character_set_client = @saved_cs_client */;

--
-- Dumping data for table `apartments_guests`
--

LOCK TABLES `apartments_guests` WRITE;
/*!40000 ALTER TABLE `apartments_guests` DISABLE KEYS */;
INSERT INTO `apartments_guests` VALUES (393,1),(131,2),(275,3),(182,4),(83,5),(269,6),(296,7),(270,8),(65,9),(314,10),(175,11),(331,12),(331,13),(262,14),(315,15),(387,16),(191,17),(192,18),(389,19),(166,20),(65,21),(226,22),(135,23),(396,24),(373,25),(279,26),(273,27),(128,28),(220,29),(318,30),(126,31),(79,32),(14,33),(235,34),(333,35),(156,36),(183,37),(47,38),(84,39),(279,40),(340,41),(66,42),(109,43),(344,44),(195,45),(342,46),(323,47),(188,48),(374,49),(102,50);
/*!40000 ALTER TABLE `apartments_guests` ENABLE KEYS */;
UNLOCK TABLES;

--
-- Temporary view structure for view `apt_contries_cities`
--

DROP TABLE IF EXISTS `apt_contries_cities`;
/*!50001 DROP VIEW IF EXISTS `apt_contries_cities`*/;
SET @saved_cs_client     = @@character_set_client;
/*!50503 SET character_set_client = utf8mb4 */;
/*!50001 CREATE VIEW `apt_contries_cities` AS SELECT 
 1 AS `apart_id`,
 1 AS `country_name`,
 1 AS `city`*/;
SET character_set_client = @saved_cs_client;

--
-- Table structure for table `confirmation_statuses`
--

DROP TABLE IF EXISTS `confirmation_statuses`;
/*!40101 SET @saved_cs_client     = @@character_set_client */;
/*!50503 SET character_set_client = utf8mb4 */;
CREATE TABLE `confirmation_statuses` (
  `id` int unsigned NOT NULL,
  `name` varchar(30) NOT NULL,
  PRIMARY KEY (`id`),
  UNIQUE KEY `name` (`name`)
) ENGINE=InnoDB DEFAULT CHARSET=utf8mb4 COLLATE=utf8mb4_0900_ai_ci;
/*!40101 SET character_set_client = @saved_cs_client */;

--
-- Dumping data for table `confirmation_statuses`
--

LOCK TABLES `confirmation_statuses` WRITE;
/*!40000 ALTER TABLE `confirmation_statuses` DISABLE KEYS */;
INSERT INTO `confirmation_statuses` VALUES (1,'Confirmed'),(2,'Rejected'),(3,'Waiting');
/*!40000 ALTER TABLE `confirmation_statuses` ENABLE KEYS */;
UNLOCK TABLES;

--
-- Table structure for table `countries`
--

DROP TABLE IF EXISTS `countries`;
/*!40101 SET @saved_cs_client     = @@character_set_client */;
/*!50503 SET character_set_client = utf8mb4 */;
CREATE TABLE `countries` (
  `id` int unsigned NOT NULL,
  `country_name` varchar(100) CHARACTER SET utf8 COLLATE utf8_unicode_ci NOT NULL,
  PRIMARY KEY (`id`)
) ENGINE=InnoDB DEFAULT CHARSET=utf8 COLLATE=utf8_unicode_ci;
/*!40101 SET character_set_client = @saved_cs_client */;

--
-- Dumping data for table `countries`
--

LOCK TABLES `countries` WRITE;
/*!40000 ALTER TABLE `countries` DISABLE KEYS */;
INSERT INTO `countries` VALUES (1,'Martinique'),(2,'El Salvador'),(3,'Japan'),(4,'Brazil'),(5,'South Georgia and the South Sandwich Islands'),(6,'Saint Pierre and Miquelon'),(7,'Madagascar'),(8,'Kiribati'),(9,'Guinea-Bissau'),(10,'Pitcairn Islands'),(11,'Malta'),(12,'Rwanda'),(13,'Spain'),(14,'Canary Islands'),(15,'Guernsey'),(16,'Sao Tome and Principe'),(17,'San Marino'),(18,'Philippines'),(19,'Thailand'),(20,'Portugal'),(21,'Iran'),(22,'Lebanon'),(23,'Reunion'),(24,'Kazakhstan'),(25,'Guernsey'),(26,'Dominican Republic'),(27,'Turkey'),(28,'Iraq'),(29,'England'),(30,'Gambia'),(31,'Guatemala'),(32,'Reunion'),(33,'Montenegro'),(34,'Mauritania'),(35,'Korea'),(36,'Benin'),(37,'Czech'),(38,'Greece'),(39,'Russia'),(40,'Mauritania');
/*!40000 ALTER TABLE `countries` ENABLE KEYS */;
UNLOCK TABLES;

--
-- Table structure for table `guests_favorits_aparts`
--

DROP TABLE IF EXISTS `guests_favorits_aparts`;
/*!40101 SET @saved_cs_client     = @@character_set_client */;
/*!50503 SET character_set_client = utf8mb4 */;
CREATE TABLE `guests_favorits_aparts` (
  `id` int unsigned NOT NULL,
  `guest_id` int unsigned NOT NULL,
  `apartment_id` int unsigned NOT NULL,
  `created_at` datetime DEFAULT CURRENT_TIMESTAMP,
  PRIMARY KEY (`id`),
  KEY `guests_favorits_aparts_guest_id_fk` (`guest_id`),
  KEY `guests_favorits_aparts_apartment_id_fk` (`apartment_id`),
  CONSTRAINT `guests_favorits_aparts_apartment_id_fk` FOREIGN KEY (`apartment_id`) REFERENCES `apartments` (`id`) ON DELETE CASCADE,
  CONSTRAINT `guests_favorits_aparts_guest_id_fk` FOREIGN KEY (`guest_id`) REFERENCES `users` (`id`) ON DELETE CASCADE
) ENGINE=InnoDB DEFAULT CHARSET=utf8 COLLATE=utf8_unicode_ci;
/*!40101 SET character_set_client = @saved_cs_client */;

--
-- Dumping data for table `guests_favorits_aparts`
--

LOCK TABLES `guests_favorits_aparts` WRITE;
/*!40000 ALTER TABLE `guests_favorits_aparts` DISABLE KEYS */;
INSERT INTO `guests_favorits_aparts` VALUES (1,23,23,'1993-02-27 08:23:58'),(2,12,12,'2002-03-30 18:38:39'),(3,4,4,'2011-10-30 22:15:36'),(4,58,58,'1998-02-12 08:25:35'),(5,36,36,'1974-08-29 10:34:28'),(6,50,50,'2008-08-14 06:54:31'),(7,48,48,'1975-09-01 03:51:57'),(8,38,38,'2018-08-23 21:57:32'),(9,68,68,'1998-08-01 05:05:04'),(10,49,49,'1998-06-04 06:28:36'),(11,11,11,'2010-06-07 18:54:40'),(12,60,60,'1989-11-25 05:04:59'),(13,61,61,'1973-02-08 02:40:32'),(14,17,17,'1972-10-24 07:17:44'),(15,14,14,'1976-05-27 06:13:48'),(16,73,73,'1992-10-18 20:01:11'),(17,78,78,'2003-08-12 18:25:33'),(18,32,32,'1983-07-08 23:18:04'),(19,9,9,'2003-11-21 03:28:53'),(20,71,71,'1976-11-28 15:18:48'),(21,13,13,'1982-07-11 08:53:52'),(22,75,75,'1984-05-30 08:21:10'),(23,27,27,'2010-04-15 10:36:17'),(24,24,24,'1990-04-01 07:27:10'),(25,10,10,'1980-10-31 20:09:14'),(26,34,34,'1981-01-05 22:41:45'),(27,39,39,'1976-08-07 12:23:47'),(28,8,8,'2005-01-18 17:51:34'),(29,77,77,'2015-02-01 02:39:42'),(30,3,3,'2020-03-03 09:20:32'),(31,20,20,'2018-05-07 19:25:34'),(32,56,56,'2012-07-15 22:43:13'),(33,51,51,'1991-04-24 00:41:30'),(34,76,76,'1978-09-26 15:53:43'),(35,37,37,'2003-11-14 11:54:33'),(36,79,79,'1989-07-10 21:27:47'),(37,80,80,'1995-08-14 11:27:36'),(38,2,2,'2017-01-04 20:34:30'),(39,7,7,'2011-06-18 21:16:06'),(40,19,19,'1991-06-29 21:05:56'),(41,29,29,'1988-12-04 18:40:16'),(42,33,33,'1995-04-21 10:28:21'),(43,70,70,'1973-07-14 06:19:46'),(44,21,21,'2012-04-21 01:52:03'),(45,35,35,'1986-12-09 15:16:58'),(46,55,55,'2007-02-13 20:30:32'),(47,53,53,'1976-02-16 08:13:07'),(48,31,31,'1977-12-16 10:13:57'),(49,22,22,'1998-06-17 04:29:44'),(50,66,66,'2003-04-21 10:15:00'),(51,30,30,'2015-10-20 10:33:31'),(52,1,1,'2013-04-16 20:21:24'),(53,45,45,'1971-04-03 20:07:21'),(54,6,6,'2018-07-12 18:27:28'),(55,65,65,'1978-07-08 00:27:53'),(56,69,69,'1985-07-02 11:37:31'),(57,74,74,'2007-06-01 11:17:57'),(58,26,26,'2000-12-04 07:16:25'),(59,15,15,'2001-08-09 22:06:03'),(60,25,25,'2013-07-19 09:23:40'),(61,67,67,'1993-09-10 11:05:25'),(62,52,52,'2015-07-06 11:02:40'),(63,63,63,'1993-01-24 01:54:49'),(64,18,18,'1989-01-05 00:57:51'),(65,54,54,'1986-04-30 08:42:04'),(66,44,44,'2012-05-08 13:48:08'),(67,46,46,'1997-12-11 18:29:41'),(68,47,47,'1991-06-29 06:42:57'),(69,59,59,'2016-02-28 02:19:58'),(70,64,64,'2019-08-03 19:00:41'),(71,62,62,'1976-08-17 10:54:12'),(72,42,42,'2003-02-22 22:27:31'),(73,43,43,'1982-10-15 17:19:39'),(74,5,5,'1994-01-10 02:44:53'),(75,40,40,'2011-11-24 16:01:46'),(76,16,16,'2002-08-22 13:01:44'),(77,72,72,'1974-04-07 11:15:30'),(78,28,28,'1987-11-09 04:05:01'),(79,41,41,'2012-05-14 18:33:08'),(80,57,57,'1987-09-24 23:26:30');
/*!40000 ALTER TABLE `guests_favorits_aparts` ENABLE KEYS */;
UNLOCK TABLES;

--
-- Table structure for table `messages`
--

DROP TABLE IF EXISTS `messages`;
/*!40101 SET @saved_cs_client     = @@character_set_client */;
/*!50503 SET character_set_client = utf8mb4 */;
CREATE TABLE `messages` (
  `id` int unsigned NOT NULL,
  `from_user_id` int unsigned NOT NULL,
  `to_user_id` int unsigned NOT NULL,
  `body` text CHARACTER SET utf8 COLLATE utf8_unicode_ci NOT NULL,
  `is_delivered` tinyint(1) DEFAULT NULL,
  `is_readed` tinyint(1) DEFAULT NULL,
  `created_at` datetime DEFAULT CURRENT_TIMESTAMP,
  PRIMARY KEY (`id`),
  KEY `messages_from_user_id_fk` (`from_user_id`),
  KEY `messages_to_user_id_fk` (`to_user_id`),
  CONSTRAINT `messages_from_user_id_fk` FOREIGN KEY (`from_user_id`) REFERENCES `users` (`id`) ON DELETE CASCADE,
  CONSTRAINT `messages_to_user_id_fk` FOREIGN KEY (`to_user_id`) REFERENCES `users` (`id`) ON DELETE CASCADE
) ENGINE=InnoDB DEFAULT CHARSET=utf8 COLLATE=utf8_unicode_ci;
/*!40101 SET character_set_client = @saved_cs_client */;

--
-- Dumping data for table `messages`
--

LOCK TABLES `messages` WRITE;
/*!40000 ALTER TABLE `messages` DISABLE KEYS */;
INSERT INTO `messages` VALUES (1,251,112,'Et sed aut dolores in sunt. Molestiae ipsum quae sint numquam est aut. Reprehenderit in assumenda sequi repellat totam harum quia non.',1,1,'2001-06-19 21:36:29'),(2,14,306,'Eligendi occaecati impedit qui voluptas quo dolores. Omnis id velit magnam labore. Aut voluptatem laborum aut et earum sit.',1,0,'1984-05-09 19:52:22'),(3,117,190,'Quis dolor sit vel non quam. Reiciendis eos est aspernatur similique. Ea et qui consequatur doloremque. Voluptas quam molestias velit non dolores soluta.',0,0,'1994-08-20 01:30:40'),(4,144,248,'Officia necessitatibus id dignissimos mollitia ullam nobis. Ducimus mollitia ipsa veniam esse est qui. Delectus maxime qui similique ullam aliquid totam.',0,0,'1986-09-18 17:41:47'),(5,368,63,'Repellat eos omnis sed sed. Similique dolore reiciendis et odio repellendus voluptate ducimus iusto. Aut non laudantium quidem dolores saepe ratione optio. Modi nemo suscipit dolores ad blanditiis dolores dolorem tempore.',1,1,'2011-12-04 22:59:33'),(6,205,46,'Aspernatur modi et quae nam quod ipsa. Molestiae aliquid molestias praesentium qui. Sit ipsa quasi omnis ipsum ex.',1,1,'1981-05-05 11:53:32'),(7,324,52,'Dolor modi natus sed similique tenetur. Enim reprehenderit est voluptas odio. Provident quia libero quis cumque laudantium qui.',1,1,'1970-05-18 09:47:48'),(8,202,263,'Id porro molestiae voluptatem accusamus asperiores dolor. Et enim dolor cumque debitis. Non magnam aliquam et unde sunt. Inventore molestiae quasi ut ipsa.',1,0,'2011-04-17 12:48:22'),(9,39,11,'Nemo odit dolorem inventore dolores laborum. Omnis ullam laudantium necessitatibus corporis sunt. Pariatur hic rerum et. Id officiis doloribus distinctio laboriosam.',1,1,'1990-05-30 19:44:34'),(10,390,169,'Adipisci officia sequi voluptas accusamus aliquid. Perferendis autem ex similique et ut itaque. Dolores et unde magnam autem assumenda est. Unde dolorum est eveniet quo autem ratione.',1,1,'1994-07-10 19:24:28'),(11,231,22,'Atque fugit illo ex praesentium. Rerum pariatur aut unde omnis omnis. Quod eos voluptas rerum neque sequi.',1,0,'1974-09-20 23:43:07'),(12,384,215,'Ad dolorum aut maxime. Modi voluptatem tenetur nam cum. Accusamus quia possimus omnis ullam nihil sint. Dolore tenetur nihil culpa eos cupiditate alias.',1,1,'1974-04-25 08:24:21'),(13,26,75,'Alias magni blanditiis sit ullam velit ducimus voluptatem. Hic ipsum officia sunt repellendus. Est molestias est laudantium voluptatem quasi mollitia. Repudiandae rerum non minima recusandae ab vel quibusdam velit.',0,0,'2012-08-20 02:14:22'),(14,179,204,'Est perferendis autem id consequuntur repudiandae mollitia quo consectetur. Sint eligendi laudantium aut provident. Voluptatem rerum provident ut dolorem quas aut est. Recusandae consequuntur ut distinctio architecto eaque et ad.',1,1,'1988-04-21 03:04:46'),(15,17,32,'Officiis voluptas iste est modi. Magnam porro voluptatem ipsa consequuntur ipsam non doloremque. Quisquam est velit tenetur in. Asperiores vel aperiam et distinctio nemo aut qui id.',1,0,'1999-09-26 03:00:45'),(16,345,83,'Soluta nulla in autem aut deleniti aspernatur. Molestiae quisquam vitae asperiores voluptate in. Error modi at aliquid doloribus et et. Illo corrupti magni et.',0,0,'2002-08-29 07:04:38'),(17,73,318,'Nihil quis consectetur possimus velit non dolorem nostrum. Enim nam quaerat mollitia quis. Sunt quam culpa aut repellat voluptatum magni quo.',0,0,'2005-01-27 17:18:43'),(18,132,48,'Enim sapiente reiciendis omnis magnam ex quam itaque. Voluptas non neque sit et sint provident. Sit consequatur molestiae omnis totam veritatis minima ratione.',1,0,'2006-09-23 19:20:32'),(19,38,225,'Quaerat maxime sed ex. Molestiae occaecati architecto modi eum atque. Dicta vel numquam aliquid voluptatum et minus rerum quia.',1,0,'1973-10-31 14:00:40'),(20,195,23,'Et ab omnis minus aspernatur voluptate excepturi sed tempora. Veniam nisi est quae maiores. Amet quos nisi eum facilis vero. Autem est et molestias aliquam praesentium aspernatur.',0,0,'1997-06-02 16:03:06'),(21,62,250,'Magnam eos natus cum fugiat. Iusto labore eum maiores sint rem quia. Nam distinctio harum omnis ut architecto rerum. Dolorum officia delectus qui non adipisci sapiente blanditiis.',1,1,'1976-06-09 01:29:24'),(22,122,313,'Nihil possimus dolorum ab neque voluptatem. Eum sed veritatis blanditiis placeat debitis.',1,1,'1998-11-07 08:47:36'),(23,25,171,'Praesentium eos eligendi quisquam molestias. Voluptate corporis accusantium soluta excepturi architecto itaque. Aut accusamus quia voluptates expedita animi voluptatem voluptates. Nisi dolorem quis molestias placeat incidunt est. Autem dolores at sapiente sed placeat provident earum.',1,1,'1975-04-15 06:07:43'),(24,160,120,'Aut molestiae aut nisi quod quidem soluta. Aut eveniet earum tenetur. Iusto maiores aut autem ipsum facere. Asperiores et iste incidunt ipsum.',1,1,'1989-01-19 20:10:58'),(25,322,62,'Temporibus veritatis cumque vel debitis qui id qui. Voluptas consequatur autem labore ex ea qui id rerum.',0,0,'2016-06-09 11:03:05'),(26,331,134,'Hic recusandae voluptate consectetur. Nostrum in qui voluptates nam minima. Vero culpa dignissimos soluta quo at voluptas.',0,0,'1996-08-26 01:31:42'),(27,289,261,'Voluptatem qui aspernatur beatae dolorum ad itaque recusandae. Unde quia nesciunt reiciendis quia id. Eius sed recusandae earum asperiores. Molestiae voluptatum neque ipsam sed deleniti similique est.',1,0,'2002-08-23 19:32:58'),(28,49,177,'Tempore eos laborum dolorum dolores. Eos neque blanditiis sapiente tenetur consequatur fugit maxime. Aut et enim sequi. Accusantium animi voluptatem velit ad cumque.',1,1,'1975-01-21 23:19:26'),(29,180,271,'Quos quasi maxime sunt aut ullam accusantium. Esse excepturi saepe vel consequuntur similique voluptatem fugit. Aliquam doloribus libero ad corrupti. Nobis sequi non ex incidunt exercitationem et ipsum.',1,1,'1979-01-28 21:43:50'),(30,350,88,'Voluptates repellendus quisquam voluptas sint sed vero totam rerum. Assumenda deserunt et nobis accusamus itaque id. Nemo id assumenda quod tempore nostrum. Expedita velit ratione pariatur officiis adipisci non.',1,1,'1978-03-28 19:03:31'),(31,10,229,'Repellendus possimus eos voluptate tenetur rerum suscipit. Quas sint voluptatum aspernatur reprehenderit harum voluptas aperiam. Consectetur sed delectus nihil molestiae voluptates.',1,1,'1978-10-16 03:41:22'),(32,200,300,'Ipsam dolorum facilis modi beatae aperiam assumenda. Fugit impedit in ipsum doloribus molestiae. Laudantium ut debitis alias illo in. Autem reiciendis saepe omnis facilis optio est in dolorum.',1,1,'1972-04-02 03:15:22'),(33,167,253,'Dicta rem harum possimus qui. Commodi quidem facilis quos dolore vero.',0,0,'1975-04-05 13:21:09'),(34,238,20,'Blanditiis iure culpa autem cupiditate ab enim consequatur delectus. Est qui fugit quam sint est illum quidem. Eligendi beatae aut esse quas ut. Aut ducimus blanditiis illo reprehenderit praesentium.',1,1,'1971-10-06 22:45:27'),(35,286,310,'Eum voluptatum ullam dolor nobis rem saepe vel. Sint facilis magni provident modi ea quia et. Consectetur adipisci sed unde at temporibus sit voluptates. Velit sapiente commodi quam dicta placeat.',1,0,'2016-12-30 17:17:05'),(36,316,100,'Vel voluptates tempore est. Amet corporis voluptatem est consequatur velit mollitia. Et iusto recusandae doloribus temporibus autem voluptate vitae adipisci.',0,0,'2009-01-25 15:25:13'),(37,321,36,'Fuga velit eum voluptatem autem ut voluptatem et. Laudantium vitae consequatur tenetur ducimus. Dolorem omnis autem sapiente vel enim nam iste fugiat.',1,0,'2020-01-16 03:57:37'),(38,255,92,'Sint ea velit architecto itaque voluptates quasi. Velit vel nesciunt aspernatur molestiae ut necessitatibus rerum. Quos et et quas molestias ut beatae earum. Ipsum optio cupiditate qui quasi quia quia doloribus.',1,1,'2012-01-13 08:04:29'),(39,313,188,'Doloribus consectetur sit veniam. Sunt sed tempora consequuntur dolorum molestias. Sunt nisi sint molestiae et.',1,1,'1998-04-04 23:50:19'),(40,400,216,'Dolorem quia occaecati perferendis delectus distinctio. Maxime in ut modi aliquam quasi voluptatem consectetur. Numquam cupiditate totam et in.',0,0,'1975-09-29 12:43:22'),(41,259,326,'Aut rerum eaque voluptatem quo. Maxime ut et ea consequatur numquam. Sit magni maiores odio culpa.',1,0,'1993-07-07 17:28:18'),(42,94,341,'Pariatur id voluptatum facilis et officia mollitia consequatur. Voluptas et ut accusantium dolorem assumenda. Sequi dolor sit facere eveniet magnam molestias est.',1,0,'1973-05-12 22:02:37'),(43,92,207,'Amet sit a perspiciatis pariatur error est rem. Inventore esse aut quisquam autem est tenetur et totam. Qui vel eaque necessitatibus sequi itaque. Voluptatem facere consequatur quo ducimus non.',0,0,'2010-06-23 13:38:07'),(44,179,187,'Deserunt consequatur expedita dolorem a praesentium aut nesciunt. Voluptatem voluptate id consequatur sit id sunt quo. Numquam doloremque perferendis autem. Consectetur autem soluta omnis.',1,1,'1983-07-16 05:12:47'),(45,217,314,'Ratione omnis molestiae ducimus ut in laboriosam. Et dolores in eaque nostrum error assumenda. Hic et voluptas fuga repellat minus excepturi harum.',1,1,'2003-01-30 08:05:42'),(46,147,262,'Rerum vitae dolor possimus quam et. Deserunt ipsam et recusandae eius commodi sit. Sequi esse est aut qui pariatur consequatur ut.',0,0,'1983-09-20 02:28:30'),(47,83,174,'Error molestiae quidem suscipit harum. Dolor itaque quia sint ut et necessitatibus est.',0,0,'1986-10-02 20:56:37'),(48,374,142,'Magnam corporis est voluptatibus eveniet. Officia ullam natus et esse. Laborum voluptatem quibusdam quia sapiente ut accusamus.',1,1,'1990-12-04 12:59:45'),(49,21,246,'Nisi est ut exercitationem ad. Ullam quod alias et nihil repellendus error cum pariatur. Necessitatibus nihil aut dolor et odit omnis.',0,0,'2010-06-14 11:54:36'),(50,184,42,'Consequatur debitis deleniti accusantium rerum. Asperiores est rem et repellendus est. Optio et mollitia accusantium veritatis totam corrupti.',1,1,'2017-11-07 13:06:49'),(51,57,198,'Sed facere modi aliquam qui illum aliquam quasi. In assumenda quibusdam eligendi quod.',0,0,'2019-07-11 02:48:26'),(52,133,76,'Aperiam omnis odio similique voluptatum et. Et molestiae aliquam sed ipsa autem impedit distinctio itaque. Praesentium dolorum id suscipit ea. Fuga odio non amet architecto.',1,1,'1984-11-15 22:27:04'),(53,91,344,'Molestiae provident iusto fugiat. Quis modi consequuntur in facilis dolorem facilis. Ratione officia molestiae occaecati nihil error. Delectus dolores tempore iure ipsa ratione.',1,1,'2007-02-13 12:44:33'),(54,58,257,'Quam aliquam ut aut asperiores voluptates quam. Sequi tenetur sequi inventore odio. Minima sint quos et ex ut vel eveniet. Animi sint quia expedita error aliquam porro esse. Perferendis quo ipsa nihil nam.',1,0,'2019-08-01 23:57:59'),(55,14,104,'Iusto ut ex porro. Dolorem maiores dolorem dolorum reprehenderit dolore et dolore. Hic praesentium non deleniti est modi quis repudiandae. Vel laborum eum laboriosam animi suscipit.',1,1,'1976-02-05 07:33:04'),(56,297,108,'Quis commodi temporibus provident iste. Vitae perspiciatis culpa odio odit.',0,0,'2015-03-29 02:07:14'),(57,244,96,'Atque et culpa est placeat. Et dolorem cumque facilis expedita est aliquid. Quo aut repudiandae placeat aperiam maxime eligendi.',1,0,'1990-03-05 00:39:04'),(58,328,80,'Qui doloremque perspiciatis non sint molestiae ut dolor. Voluptas tempora autem repellendus exercitationem in deserunt quo. Optio earum doloribus vitae incidunt unde repudiandae omnis. Quo a saepe iure consequuntur maxime.',1,1,'2012-09-19 03:32:29'),(59,105,123,'Qui dolorem voluptate nihil illo et. Et sunt nemo quam ratione velit nihil sint. Sunt doloremque occaecati sint praesentium dolorum est velit. Quia dolor ut aliquid unde quidem quia facilis odit.',1,1,'2017-05-01 10:19:02'),(60,342,47,'Blanditiis nihil fuga pariatur occaecati inventore sunt laborum. Debitis at sequi sunt eum. Sunt distinctio et voluptatem. Illum necessitatibus labore inventore ullam expedita eum.',1,0,'2007-04-16 14:03:30'),(61,193,172,'Voluptas eos nobis ipsa est et maxime ipsum. Atque autem neque quo magni. Placeat velit aut corrupti rerum voluptas.',1,0,'2013-01-07 01:35:01'),(62,341,236,'Quam aut sit optio rerum atque tempore numquam. Rem reiciendis eius ut quia qui quibusdam est. Molestias impedit nulla quibusdam perferendis. Minus ducimus eius asperiores odio.',1,1,'1994-02-02 12:14:26'),(63,325,144,'Molestiae aperiam qui impedit voluptas aliquid sunt saepe. Est occaecati suscipit ex nisi id. Aspernatur dolor laboriosam laudantium quam in. Vel provident aut inventore veniam et.',1,1,'2004-02-01 10:33:54'),(64,202,211,'Sit eum incidunt molestiae. Dolorem velit quod dolorum. Exercitationem est itaque eveniet autem necessitatibus assumenda voluptatem aliquam. Voluptatem magni explicabo dolorem consequatur harum maxime.',1,1,'1970-07-24 11:38:34'),(65,36,324,'Explicabo animi cumque incidunt labore iusto minus et placeat. Quod temporibus fugiat eaque ut et temporibus.',1,1,'2009-01-05 00:27:16'),(66,372,332,'Aspernatur quas adipisci consequatur voluptatem beatae quia. Aperiam aut aut autem commodi cum. Et et tenetur aliquam autem doloribus.',1,1,'2009-10-31 13:27:41'),(67,150,347,'Rerum soluta explicabo quod amet sapiente. Aut odio non qui quia ex cupiditate eum. Inventore facere in aperiam dolor aut sit doloribus consequatur.',1,0,'2016-03-05 08:44:12'),(68,36,336,'Nihil adipisci voluptatum veniam. Reiciendis saepe aliquid laboriosam dolorem voluptas. Aut optio voluptatem quis sed. Ipsam voluptates atque ducimus et molestiae ea labore.',1,1,'1998-03-15 09:11:30'),(69,127,16,'Voluptatem itaque autem ullam omnis aspernatur. Molestias totam quis veritatis maiores omnis impedit. Modi ipsum sit quia dicta.',0,0,'2016-12-02 03:35:48'),(70,126,276,'Error expedita rerum voluptas sapiente odio illo aperiam. Neque doloremque nihil omnis odit aliquam sit ut quibusdam. Quaerat explicabo nemo amet est.',1,0,'1990-01-07 02:26:42'),(71,250,193,'In dignissimos rerum non dolores placeat. Reiciendis blanditiis omnis autem aspernatur dolor accusantium ex. Perferendis quidem ut non et deleniti. Et hic ut qui molestias aut.',0,0,'1980-08-14 21:27:20'),(72,71,25,'Sequi eos id perferendis aspernatur totam repellendus. In sint eaque corporis. Corrupti magnam libero deleniti vel. Consequuntur sed aut pariatur sit aut.',1,1,'1985-06-10 20:17:45'),(73,5,97,'Nesciunt provident enim rem. Autem distinctio molestiae aut cumque dolor necessitatibus perspiciatis. Blanditiis enim voluptate optio. Autem eius quia molestiae distinctio mollitia nemo delectus.',0,0,'2015-07-31 16:02:11'),(74,210,90,'Doloremque dicta est inventore alias aut quis. Quasi consequatur minima pariatur molestiae nam iure rerum. Nam culpa aut perferendis molestiae itaque ipsum in. Reiciendis officiis consequatur qui.',1,1,'1988-12-22 21:39:15'),(75,233,69,'Delectus temporibus qui et sed. Sit vel at dignissimos qui. Impedit omnis deleniti dolore voluptas. Quia quia autem aut nobis perspiciatis quam.',1,1,'2014-10-25 03:09:58'),(76,138,277,'Rerum nostrum asperiores facilis aut. Illum blanditiis provident omnis est hic. Enim dolores quasi officia est rerum. Laudantium ipsum quae quod porro et.',0,0,'1999-06-11 19:34:19'),(77,389,111,'Omnis minima est quas similique. Perferendis aliquam est et libero molestiae quas. Cupiditate cumque minima qui aperiam.',1,1,'1994-05-06 17:32:45'),(78,329,157,'Qui doloremque et nisi quae quasi iusto. Laboriosam esse doloribus sit facere. Et ut voluptas rerum nam quia quo ut. Voluptatem et ea sit numquam dolorem.',0,0,'1976-04-16 13:36:40'),(79,78,85,'Libero rerum molestiae debitis harum. Id temporibus officiis voluptatibus eos laborum. Reprehenderit alias neque rerum quia.',1,1,'1981-02-27 22:20:58'),(80,203,217,'Vel distinctio pariatur quibusdam. Nisi nihil voluptate laudantium mollitia facilis rerum minima. Deserunt dolorem voluptatem eligendi ab numquam ipsam.',1,0,'1985-07-21 22:28:40'),(81,382,287,'Animi ipsa magni similique illo architecto qui. Nihil et eos excepturi qui esse ipsam. Nihil molestias earum sunt molestias non.',1,0,'2011-02-07 09:16:19'),(82,101,200,'Sint veritatis ut voluptatem iusto commodi rerum. Esse blanditiis mollitia ducimus. Cumque mollitia odio dolor.',1,0,'2019-08-12 17:59:00'),(83,159,274,'Modi perferendis voluptas sed id ut non exercitationem. Excepturi et iure quidem fugit tempora. Voluptas iste aliquam reiciendis rerum modi sit libero.',1,0,'1987-06-26 02:21:00'),(84,89,41,'Placeat voluptas amet perspiciatis ullam aut eos alias. Perspiciatis voluptatum ut a. Nihil quis pariatur corporis saepe assumenda voluptatem et.',1,0,'1972-08-25 22:17:11'),(85,370,212,'Pariatur est aliquam porro architecto iusto exercitationem. Inventore quis tempore quos. Impedit illum minus ut repudiandae porro enim. Nostrum atque delectus esse animi voluptas.',0,0,'1993-04-29 22:24:52'),(86,382,72,'Dicta quo alias ut suscipit explicabo et. Nam consequatur ratione in. Aperiam placeat libero est provident odio autem sit.',1,1,'2019-04-04 23:13:16'),(87,400,185,'Necessitatibus et provident aut vel. Nihil iure in nulla. Eaque atque dolorum ea occaecati recusandae aut. Qui vel voluptatem molestias soluta.',1,0,'1977-07-20 00:19:17'),(88,53,45,'Sed eos necessitatibus sed in voluptates omnis. Cupiditate consequuntur eum laudantium id error minus itaque. Id nihil id et tempore et quis.',1,1,'1990-02-27 05:17:23'),(89,262,323,'Aliquam explicabo eos doloribus et porro a. Iure sunt optio sint rerum voluptas iusto.',1,1,'1982-12-02 16:39:32'),(90,354,153,'Libero officiis beatae natus impedit voluptas. Ab sed amet consequatur iure consequatur. Debitis eveniet ut minima dolor quibusdam magnam.',1,1,'1987-03-30 22:53:33'),(91,184,317,'Quaerat qui et deserunt repudiandae incidunt sint. Et sequi vel voluptas voluptatem quisquam ea. Qui rerum dolore sunt aperiam nostrum minima. Enim aut nihil reprehenderit iure.',1,1,'2013-03-24 16:57:27'),(92,255,150,'Nulla consequatur accusantium quod dolor. Exercitationem inventore voluptas dolorem. Impedit a assumenda architecto voluptas ut et harum. Mollitia quisquam ea voluptatem recusandae temporibus minima eaque aperiam. Repellat perspiciatis omnis ratione esse nihil nulla provident.',0,0,'2003-12-09 02:23:36'),(93,322,14,'Illo voluptas natus ab ut mollitia voluptas culpa. Fugit consequatur ducimus earum tempore ut quos cum. Eos sunt deleniti non omnis.',0,0,'1984-03-01 15:36:40'),(94,46,35,'Tempora et et ipsum vel praesentium sequi cumque facilis. Consequatur quia corrupti mollitia saepe optio culpa ut facere. Quibusdam corporis perspiciatis autem itaque consequatur sed soluta. Aut iure voluptas temporibus nostrum rem error minima. Voluptatibus voluptas impedit modi.',1,0,'1980-06-24 03:59:05'),(95,63,180,'Asperiores aut possimus in deserunt ut voluptatem. Eaque atque sint voluptatem quas nisi culpa. Provident similique ut corrupti natus aliquid officiis molestias esse. Iste sint quo mollitia enim possimus quia doloribus. Dolorem porro saepe officiis non.',1,0,'1980-09-04 07:25:37'),(96,175,102,'Minus est repellat inventore magnam voluptas sunt non. Quisquam facilis cum et temporibus. Dolor aut qui eos minus quia.',1,1,'2020-01-14 18:32:44'),(97,287,28,'Quam commodi exercitationem ipsam aliquam. Consequatur labore voluptates qui quasi. Nihil atque velit id eum tenetur perspiciatis. Quas corporis placeat itaque quia temporibus consectetur.',0,0,'2009-05-25 02:00:38'),(98,109,101,'Deserunt voluptatum est quos. Dignissimos id quasi dolores iste tempore. Quis nam maiores exercitationem exercitationem et sit dicta.',0,0,'1971-08-18 12:16:23'),(99,82,349,'Id quis modi mollitia aperiam molestiae. Rerum iusto illo assumenda cupiditate ut ducimus aut non. Nobis cumque ad temporibus nobis consequatur magnam. Est officiis quisquam molestiae facilis.',0,0,'2013-04-30 00:44:32'),(100,84,241,'Earum sit consequuntur vel magni. Veritatis molestias qui voluptatem unde. Omnis porro explicabo ea. Dolores quaerat consequatur quod magnam enim a quaerat.',1,0,'1988-03-25 18:37:02'),(101,174,173,'Mollitia aperiam ullam ducimus temporibus. Quidem fugit voluptatem quis ab et consequatur qui. Aut sed in sit quis aperiam ipsam et.',1,1,'1996-09-12 08:33:09'),(102,218,89,'Inventore sed sit commodi. Velit doloribus ducimus eveniet nihil non adipisci saepe. Placeat sit ipsum aut rem reprehenderit. Nemo aspernatur quia reiciendis vel.',1,1,'2007-09-08 17:06:02'),(103,168,214,'Animi debitis ut nisi commodi qui. Placeat illum corporis ut. Deserunt neque quod illo praesentium sit. Sequi qui voluptates minima officiis voluptatem.',0,0,'2007-11-24 16:40:41'),(104,185,137,'Quisquam quibusdam sit et consequatur ullam excepturi iure. Ut facere nam quo. Incidunt quia et dolor ipsa sed voluptatem. Quae laudantium debitis amet. Quae alias eius qui rem aspernatur adipisci.',0,0,'2005-12-04 14:31:33'),(105,21,258,'Sed ea sed et quia quia. Corporis sit corporis magni ratione neque. Quae sed recusandae aut totam suscipit iste omnis.',1,1,'2015-06-13 23:13:30'),(106,350,26,'Eum amet beatae optio alias. Optio modi unde et reprehenderit est qui. Mollitia voluptatem sunt voluptates consequatur et. Ab qui omnis quasi itaque. Sed aut doloribus consequatur ut dolorem et cum accusamus.',1,1,'1978-03-07 14:54:17'),(107,87,286,'Accusantium provident quae qui earum est delectus dolorem. Totam vel perferendis odio et inventore et veniam. Est vero laborum et doloremque aut sint. Nostrum sed debitis earum consequatur sunt qui incidunt.',1,0,'2005-10-12 04:01:27'),(108,183,252,'Eum molestias cumque neque delectus tempora eveniet. Omnis sunt laudantium non. Placeat hic quia saepe magni iste et ut. Facere placeat qui veniam aut. Molestias sed eveniet aut dolores non eaque aut.',1,0,'2001-02-05 00:36:26'),(109,253,8,'Animi ex possimus et amet quibusdam eos voluptatibus nam. Vel non consequatur quos dolores doloribus fugit. Et quia blanditiis illo qui.',1,0,'1987-04-03 20:28:43'),(110,317,179,'Sint laudantium aliquam amet est assumenda. Repudiandae veritatis fugiat qui eaque incidunt eius et voluptatem. Ducimus sequi consequatur eligendi rem quo impedit vel. In ut deleniti optio exercitationem molestias nemo eaque.',1,1,'2010-08-31 04:51:41'),(111,23,27,'Dicta voluptas voluptatum molestias unde vero occaecati totam tempore. Consequatur et suscipit provident quibusdam saepe. Ad et cum officiis consequuntur consequatur et aut. Vero et in illo dolorem et neque.',0,0,'1997-11-17 03:19:01'),(112,366,348,'Suscipit eum saepe minus sunt ipsa esse. Tenetur beatae quasi dolores minima expedita nam. Enim error inventore voluptas non.',1,1,'1985-09-02 23:16:01'),(113,159,147,'Eligendi id quibusdam rem deserunt cupiditate accusamus impedit. Fugiat minus aut cum et nostrum sint id. Ut pariatur reiciendis harum et.',1,1,'1992-04-25 19:55:56'),(114,95,327,'Aut doloribus quod quis. Dolorum ducimus eum dolorem dolores reprehenderit molestiae beatae. Doloribus libero magnam deserunt alias. Qui autem quasi quia rem sed.',1,1,'1980-11-09 12:22:53'),(115,400,152,'Libero ut est ducimus id. Qui debitis eveniet ab amet.',1,0,'1977-09-03 14:26:26'),(116,113,57,'Dolore libero culpa aut a explicabo doloremque voluptates. Odio autem in illo culpa expedita earum. Ullam laborum enim facilis sit ex vero. Voluptatum vel minima eveniet sapiente quo.',1,0,'1982-10-28 23:12:37'),(117,166,24,'Necessitatibus sint sint occaecati similique qui. Occaecati enim ut accusamus voluptatem qui. Dolores qui eaque iure quia distinctio.',1,1,'2001-03-28 09:24:05'),(118,88,113,'Voluptatem cum debitis molestiae aut in ullam occaecati. Facere ad iusto id est quia reprehenderit ut. Delectus molestias optio rerum. Odio et optio ipsam deserunt consequuntur est quis.',0,0,'2019-04-04 06:38:57'),(119,344,131,'Ad enim et quis fugit ipsam magnam velit. Quisquam distinctio explicabo sit mollitia consequatur. Ipsa officia voluptatem quia quod blanditiis saepe saepe.',0,0,'2006-07-09 13:09:59'),(120,254,162,'Itaque sit praesentium est beatae quos. Voluptas cupiditate reprehenderit ut ea nisi. Nostrum odio fugiat reprehenderit quam quod dolor.',1,1,'2011-11-16 02:46:25'),(121,237,56,'Quisquam sunt atque accusamus excepturi harum in. Quam qui quod eveniet aut facere enim.',0,0,'1990-06-30 04:36:53'),(122,22,197,'Ut corporis sint rerum nostrum molestiae soluta omnis minus. Ullam enim et aut. Voluptate eos aliquid eos aliquid quibusdam ab. Tenetur iure quo aliquam dolorum iure saepe.',1,0,'2007-02-12 00:10:31'),(123,198,339,'Ex et deserunt sed. Optio nobis cum minus quisquam maxime.',1,1,'2003-09-30 19:58:53'),(124,126,10,'Ut aut et ut velit voluptas. Qui laboriosam ut voluptatem et est ducimus. Libero et sit voluptatum beatae. Aut dolorem aut commodi sapiente.',0,0,'2007-12-13 17:39:58'),(125,33,328,'Sed quod nam incidunt quidem consequatur. Doloremque pariatur ea illum aut. Corporis doloribus voluptas neque alias. Aliquam dolor voluptatem culpa omnis maiores.',1,0,'2005-01-28 00:41:53'),(126,189,93,'Ut voluptas ipsam quidem rerum est. Voluptatem optio eum iusto voluptatem nulla ullam dolore. Nihil corporis alias non autem velit corporis soluta. Aliquid veniam ea ducimus esse itaque saepe.',1,0,'2003-06-03 10:15:43'),(127,46,133,'Accusamus quis nisi porro dicta aliquam expedita. Est et officiis ab voluptate. Molestias quia voluptatem voluptas distinctio facere. Et illum sed non rerum qui unde. Ut sit eos repudiandae quidem totam.',1,1,'1973-12-08 09:18:49'),(128,60,184,'Vitae magni illum voluptate ea occaecati fugit. Ea sed officia sed laboriosam ut sit. Id aut fugit odit cupiditate.',1,0,'1985-03-15 23:31:26'),(129,163,195,'Unde et eveniet doloribus facilis debitis natus. Eos expedita eum ut excepturi. Neque sed sit eos voluptatem deserunt nobis iste. Dolore sint voluptate facere molestiae et repudiandae.',1,1,'1986-09-26 14:34:45'),(130,236,21,'Architecto quae sed quam pariatur consequatur veritatis aut. Hic enim et totam nam.',0,0,'2003-09-24 03:38:08'),(131,289,224,'Accusantium expedita sit qui. Ducimus neque vel minima ratione. Voluptates saepe ex iure minima repellat ut.',1,0,'1995-06-13 01:55:53'),(132,339,281,'Sit tempore nisi qui ipsum doloremque placeat. Maxime deserunt sit voluptas molestiae ipsum quibusdam. Earum et inventore ea explicabo et. Ratione ipsum sit laborum consequatur quo recusandae.',1,1,'1988-07-23 01:35:48'),(133,24,86,'Exercitationem incidunt aut ipsa aut aut. Et et deleniti cupiditate et perferendis id quam. Non praesentium quis voluptatem sed nihil.',1,1,'1991-03-16 10:45:50'),(134,305,283,'Ea quidem et provident et. Pariatur id aut consequatur ipsa est. Quia ut dolorem sunt cum itaque dolores eos. Officia officia ab eum voluptas consequatur vero ut.',1,1,'1971-08-15 13:21:42'),(135,253,316,'Ut velit voluptate cumque accusantium. Corporis sed est ea asperiores tempore voluptas quod. Veniam atque qui voluptatem voluptas. Qui tempore molestias ut doloremque.',0,0,'2012-01-19 05:44:48'),(136,348,235,'Quae voluptatem dignissimos dicta cum officia quod. Corrupti vero quia suscipit suscipit. Iure dolore omnis excepturi numquam dolores harum sed. Nam voluptatem voluptate atque commodi non fugiat cumque.',1,0,'2006-02-14 19:25:45'),(137,179,107,'Vel enim aliquid eligendi cum voluptates voluptatem. Natus rem expedita architecto eius eligendi qui. Molestias itaque maxime tempore exercitationem laborum.',1,1,'1982-08-10 00:41:43'),(138,254,98,'Accusamus neque aut et laboriosam eos est. Sed et perferendis aut aut eveniet tempora. Accusantium quis eum impedit commodi nostrum.',1,1,'2007-07-27 16:11:54'),(139,329,37,'Qui occaecati quibusdam veniam nihil. Sed laborum quia sunt maiores. Maiores et dolore sequi sunt quas qui nulla a.',1,0,'2001-12-25 04:33:14'),(140,84,202,'Sunt officia nisi alias neque quasi reiciendis qui recusandae. Cupiditate sed eveniet rem veritatis.',0,0,'1996-12-27 00:47:38'),(141,233,53,'Enim maxime quas ad voluptas esse voluptates quia. Tempora consequatur adipisci pariatur repudiandae in. Quibusdam numquam voluptas eum id. Dolore voluptas officia aliquid quisquam aut.',0,0,'1988-02-07 09:15:55'),(142,114,330,'Amet molestiae voluptatibus eum culpa ab est. Laudantium provident architecto molestiae quibusdam eum. Ipsum quasi temporibus facere suscipit fugiat. Labore ut et asperiores quia dicta molestias possimus dignissimos.',0,0,'1994-05-12 13:06:33'),(143,268,51,'Et quo sapiente fugit aut vitae et cum. Dolor itaque ut aut veritatis consectetur. Molestiae quod impedit et soluta.',1,1,'1981-06-05 10:56:51'),(144,198,82,'Error nemo neque ut quibusdam aut. Officia in ut nulla reprehenderit. Beatae ipsa recusandae consequuntur vitae neque aliquam. Soluta odio sed in consequatur ut ea.',1,1,'1994-01-06 19:19:09'),(145,185,309,'Veniam et eaque numquam facilis doloremque. Cum atque voluptatibus aliquid ad quidem quia ut et. Quia enim odit harum. Qui in incidunt omnis omnis.',0,0,'1986-07-06 04:43:15'),(146,333,291,'Id ut ut qui inventore voluptatem id. Et minus et vero et deleniti qui occaecati. Molestias odio eum velit blanditiis aspernatur.',1,0,'1996-10-03 09:55:45'),(147,307,183,'Et totam sapiente eveniet dignissimos. Explicabo itaque fuga est quis fuga eveniet. Sunt itaque laudantium et ab harum aut nostrum. Sequi error dolorem dignissimos qui dicta sunt dolorem.',1,1,'1999-08-03 23:47:31'),(148,136,55,'Praesentium quia saepe qui rerum et. Adipisci dolorum velit molestias sit ipsum. Est sed eius blanditiis temporibus deleniti tempora inventore.',1,0,'2007-02-16 14:37:06'),(149,159,279,'Et dolor ut pariatur quasi omnis quidem cupiditate. Autem enim ad sunt itaque. Voluptas quos laudantium ut maiores sit. A distinctio sint aspernatur vero labore.',0,0,'2005-02-12 18:52:05'),(150,387,84,'Illo voluptatem iure similique ut. Sapiente fugiat inventore quo ea facere mollitia. Et illum optio omnis consequuntur tenetur.',1,1,'1997-08-13 08:13:27'),(151,259,303,'Adipisci enim eius sed aut nihil reiciendis id. Et id cum in et perferendis ut. Consequatur itaque nihil ad rerum. Similique reiciendis quaerat est qui et illo sunt.',1,1,'1977-07-05 07:27:36'),(152,131,194,'Explicabo voluptatem qui similique quod nemo. Harum ratione ut quo facilis inventore. Quidem velit ut optio quod vel.',1,0,'2008-03-15 14:36:08'),(153,277,337,'Voluptatem soluta quod earum enim magni minima. Aut voluptas fugit sunt. Amet soluta expedita nostrum laborum. Natus reprehenderit enim ex et qui amet.',0,0,'1983-12-06 10:46:26'),(154,194,119,'Modi id explicabo incidunt vel voluptas numquam. Quisquam asperiores et deleniti aut laboriosam et. Pariatur est necessitatibus qui aliquid dolores quo ea ut. Repellendus dolor quia non provident ipsam.',1,0,'2006-04-13 08:24:55'),(155,138,299,'Officiis eius eos sint eos sint. Sapiente eveniet exercitationem sed ea in quam. Ut corporis sunt ad laborum modi. Consectetur qui est magnam laudantium exercitationem minima et voluptatem.',0,0,'2011-11-21 19:44:16'),(156,109,203,'Quos tempore aut molestias ut modi. Aut atque mollitia voluptatem. Mollitia aut perferendis qui earum odit magnam.',1,1,'1996-06-11 15:37:51'),(157,128,38,'Iure reiciendis placeat qui numquam. Assumenda in non illum molestias in. Aperiam modi deleniti rerum velit exercitationem incidunt aut qui.',1,1,'1973-02-05 18:59:02'),(158,314,234,'Voluptatem dolorem amet odit. Fuga officia deserunt est earum eos quisquam nulla. Cumque suscipit optio optio quo. Aliquid ut sapiente dicta animi.',1,1,'1990-10-05 03:30:33'),(159,386,340,'Delectus ut et nihil ducimus necessitatibus in saepe. Optio ea eum in repudiandae fugiat sed.',1,1,'1997-08-04 21:36:22'),(160,185,54,'Consequuntur in veritatis consectetur sit voluptatibus. Amet expedita vero alias dolores sapiente facere sint. Molestias omnis vel magni at aut. Perspiciatis blanditiis omnis saepe a et ea. Non ut repellat voluptas eius qui ut quo.',1,1,'2002-11-05 06:09:56'),(161,170,308,'Ut animi rem tempora facilis. Et quia omnis nulla non. Quam est ut nisi eos ut eveniet vero. Et repellat excepturi odio sit et id.',1,0,'1973-11-16 09:49:24'),(162,292,4,'Repudiandae aliquam voluptatem aspernatur. Nihil recusandae nam facilis consequatur ad. Magni nisi adipisci sapiente quia expedita ut quisquam.',1,1,'1981-11-30 17:29:03'),(163,148,125,'Sit commodi nam quo qui possimus nihil. A eum animi aliquid consequatur. Harum ut voluptatem dolorem eius est dolorem.',1,1,'2004-06-08 05:07:48'),(164,266,275,'Optio qui ut ullam deleniti dolores et sed. Dolores sapiente fuga quisquam atque voluptas autem. Ex omnis ratione velit iure.',0,0,'1990-11-27 09:12:17'),(165,86,71,'Quaerat ut dolore beatae ut. Id eum consequuntur aut officia inventore.',0,0,'2001-02-15 23:31:06'),(166,32,292,'Ipsa ut ipsam aut qui ullam. Reiciendis non molestias ut voluptatem quaerat pariatur mollitia optio.',1,1,'2016-10-07 11:38:08'),(167,301,176,'Sapiente et voluptatum doloribus eveniet autem est est. Aut alias molestias velit dolorum ad. Culpa eum tenetur commodi ullam debitis quo.',0,0,'2014-11-06 19:03:26'),(168,209,132,'Eos esse quibusdam ea laudantium aut quia. Illo et sed voluptatem excepturi. Hic debitis ut nesciunt possimus rerum in.',1,0,'1974-12-03 03:49:22'),(169,141,247,'Non cupiditate ut officiis voluptatum nostrum. Sunt et praesentium in qui.',1,1,'1989-09-18 21:01:44'),(170,75,298,'Rerum sequi ipsum ullam cumque. Necessitatibus illum ad nesciunt quas non sed. Placeat rerum repellat aspernatur commodi. Unde quas nostrum quod voluptates reprehenderit aut. Est corporis quis fugiat minima repellat.',0,0,'1976-02-28 11:19:45'),(171,355,105,'Quaerat dolor qui veniam quisquam. Et nesciunt temporibus ex sint ab amet.',1,1,'1981-11-21 21:31:35'),(172,348,166,'Quam quia voluptatum adipisci est. Quam amet ea et sed vitae nostrum. Cumque deleniti voluptas voluptates eligendi. Soluta possimus et suscipit consequuntur reprehenderit.',0,0,'1996-11-12 19:47:52'),(173,276,233,'Qui doloribus non dolores praesentium autem quos deserunt et. Sint sit qui voluptas fugiat iste ullam quo. Delectus aut eos laborum illum eaque ipsum officiis. Facilis hic quasi adipisci dicta.',1,1,'1977-07-04 06:21:15'),(174,333,117,'Sit corrupti enim iusto sint odit qui aut. Eos incidunt tempore possimus beatae. Ab voluptatibus nam aut in.',1,1,'1997-10-23 16:50:18'),(175,37,140,'Sapiente quo cupiditate ipsum provident perferendis. Voluptatem et sint porro doloribus est ea nihil vero. Maiores mollitia quidem in vero rerum optio.',1,0,'1995-12-28 13:31:21'),(176,386,290,'Autem impedit necessitatibus numquam nihil nesciunt impedit. Soluta in voluptatem assumenda error. Voluptate quis molestiae rerum sed voluptatem. Eum sunt enim molestiae commodi reiciendis.',0,0,'1977-01-17 01:29:31'),(177,217,44,'Ut sed officia labore inventore. Et eum labore odio. Vitae accusamus sunt minus omnis ducimus. Ratione animi eum rem officiis voluptas.',0,0,'1977-04-07 16:53:28'),(178,326,264,'Similique nisi eveniet cupiditate atque. Non similique et voluptates ex et magni. Dolore necessitatibus ipsa eveniet aut. Tempora aut beatae nulla in tempore. Eum esse rerum sint eum consequatur inventore.',1,0,'2003-10-13 16:31:07'),(179,181,260,'Aspernatur occaecati aliquid sit perspiciatis eveniet maxime. Rerum odio blanditiis est ut est. Cupiditate veritatis possimus nulla enim. Adipisci dolorum et inventore fugiat.',1,1,'1995-07-06 03:06:21'),(180,325,191,'Molestiae commodi non nemo non. Sequi omnis dolorem laudantium dolorem magnam amet eos.',0,0,'2014-12-29 07:05:55'),(181,281,304,'Nihil occaecati dignissimos maiores fugiat et nesciunt. Magnam nam sed aut odit et. Ducimus ex aut quidem quo et occaecati.',1,1,'1975-03-30 02:51:59'),(182,29,270,'Odio distinctio fuga animi dignissimos hic. Aut eum quae consectetur illum. Molestiae voluptas maiores aut. Cum mollitia est quam sequi distinctio.',1,0,'2017-04-19 23:03:01'),(183,102,64,'Tempora dolores et consequatur at vel dolores ad. Qui quisquam pariatur quia aut qui est quasi. Ipsa harum nobis consequatur tenetur nihil blanditiis velit. Repellat eius id earum vel sed accusantium sunt.',1,1,'1999-07-29 19:23:02'),(184,24,15,'Molestiae veniam distinctio nemo animi consequatur. Doloribus itaque nisi rem exercitationem eaque eveniet quo. Veniam laboriosam nemo atque quia necessitatibus ea est dolorem.',1,0,'1994-04-12 16:55:51'),(185,213,49,'Autem debitis natus a cumque quia velit. Est fugiat qui voluptas quam. Et alias voluptatem dolores totam.',0,0,'1974-12-30 07:51:15'),(186,191,91,'Eos nostrum omnis dolor reprehenderit. Pariatur in nulla saepe culpa. Qui temporibus rerum necessitatibus ipsum. Eos et ex quaerat inventore natus aut.',1,1,'1982-02-26 06:25:01'),(187,315,126,'Autem officia rerum in voluptatibus. Voluptate amet ut dignissimos non est nobis. Porro nisi vel nesciunt temporibus.',1,0,'1983-11-23 06:29:57'),(188,200,227,'Recusandae et quidem labore rerum. Deserunt sequi voluptatibus sint non. Molestias eos animi voluptatem quia qui.',0,0,'2011-01-07 12:32:00'),(189,58,256,'Velit molestiae praesentium velit sint. Cumque iusto itaque aut. Eum exercitationem nisi quam error.',0,0,'1971-07-26 03:47:09'),(190,88,245,'Voluptatem modi id et culpa et molestiae rerum. Temporibus debitis nulla deserunt nesciunt dolorum sint occaecati commodi. Nisi at voluptas aut totam. Repellat at ut ut corrupti. Veniam debitis aliquid fugit quis necessitatibus earum.',1,1,'1987-03-12 08:19:30'),(191,265,342,'Corrupti excepturi perferendis in voluptas consequuntur. Ut id in quia dolor laboriosam aliquam et id.',0,0,'1971-07-24 17:04:37'),(192,260,87,'Voluptas placeat id minima quisquam sed. Est quasi ullam nostrum quae quos accusamus saepe. Doloremque alias quos nisi culpa. Sit sunt non distinctio.',1,0,'2007-05-11 19:10:52'),(193,103,208,'Iure dolor mollitia maxime est. Sed ex voluptatem laborum velit in sed. Animi cum delectus et hic quisquam iste tempore.',1,1,'2001-11-05 14:02:01'),(194,138,186,'Sint sed tempore autem sint hic voluptatem. Quam ut voluptatem sapiente consequatur temporibus.',1,1,'2010-08-10 10:41:01'),(195,378,267,'Non tempora repudiandae ut cupiditate. Ratione rerum voluptas natus est consequatur. Laborum sequi suscipit et quibusdam. Quia perspiciatis quia dolor quo.',0,0,'2013-11-02 20:31:21'),(196,277,138,'Sint aliquid possimus reprehenderit nobis. Eligendi est quae sit quia temporibus. Voluptas laborum illum quibusdam autem praesentium suscipit. Iste id magnam ipsum quisquam harum fugit.',0,0,'1978-09-06 03:12:19'),(197,251,285,'Laborum adipisci est sunt debitis ab et. Sunt eum rerum nesciunt id molestiae ad. Placeat voluptatibus rerum fugiat reprehenderit dolores. Quasi nulla quod qui.',1,1,'1977-07-12 15:57:03'),(198,22,50,'Enim dolorum quo vel similique est vel. Id minus enim molestias aut amet qui. Qui dolorum similique sit. Fugiat sint inventore maiores non molestiae architecto sequi est. A quas exercitationem sunt voluptatem.',1,1,'2002-09-12 10:58:13'),(199,156,296,'Fuga autem minima eos aut sit. Dolorem ea delectus ut ipsam. Illum facilis itaque rerum sequi est. Voluptate qui voluptas voluptatem placeat culpa. Adipisci beatae iusto et dolores.',1,0,'1981-05-12 06:36:44'),(200,312,81,'Quisquam laudantium autem laudantium est. Consequatur ut sed impedit commodi at esse sed. Autem sed rerum voluptas in iure iure velit. Commodi tempore doloremque similique vero nisi.',1,1,'1997-05-29 21:06:20'),(201,294,206,'Consequatur consequuntur ex iure dolores sed perferendis. Et officiis sequi dicta facere aperiam repellat ut. Rerum impedit enim vel sint.',0,0,'1989-02-19 15:46:28'),(202,133,278,'Autem nostrum repellendus dolorem iste dolor. Quam quas quam dolorem nulla. Fuga hic rerum aut debitis beatae at. Eos molestiae quae velit quo sed dolor.',1,1,'1998-07-28 00:49:18'),(203,185,70,'Qui quaerat qui tempore officia similique asperiores. Accusantium assumenda praesentium alias unde cum voluptatem. Dolorem sint in et. Nihil molestias nulla odio.',1,0,'1993-12-13 20:55:47'),(204,122,124,'Ea odit ipsam eaque sint voluptatibus maxime tempora. Suscipit minima enim quia mollitia corporis. Nihil nisi voluptates assumenda fugiat. Fuga earum mollitia voluptatem qui odio officiis dicta.',1,0,'1993-11-11 22:31:04'),(205,54,181,'Omnis eligendi tempore eligendi soluta. Consequuntur porro nobis hic libero voluptas aut. Voluptas error omnis reprehenderit delectus eos similique.',0,0,'2007-02-24 22:44:25'),(206,304,272,'Ea ducimus optio reiciendis quod et adipisci. Fugit iusto beatae nobis nostrum suscipit facilis beatae eius. Nemo error ipsum repellat non corrupti. Eligendi laboriosam vero eaque magnam animi. Repellat nemo harum aut non dolorem maxime.',1,1,'1970-08-10 15:59:11'),(207,158,237,'Libero sed eos aut. Est beatae in vero quia voluptate accusantium molestias. Officiis voluptatem qui omnis tempore neque sed.',1,1,'1971-08-08 04:52:25'),(208,275,158,'Recusandae aut quae eaque modi iste. Quibusdam voluptate odio ut sit occaecati laboriosam. Et beatae dolorem et fuga. Maxime fugit inventore sunt et nesciunt.',1,1,'1986-12-16 23:35:41'),(209,104,228,'Ut placeat sed a et id. Libero ullam non cum. Laborum soluta amet provident aspernatur consequatur ad. Vitae quo magnam aut et autem perferendis asperiores.',0,0,'2008-09-29 05:13:13'),(210,93,151,'Dolores quod a blanditiis aspernatur a rerum perferendis. Aliquam molestiae ut odit earum enim maxime quis possimus. Amet est delectus est qui ipsa at. Corrupti quisquam impedit vel eligendi.',1,1,'1981-12-19 01:55:59'),(211,152,192,'Tenetur error et neque autem est. Id quis ipsum autem consequatur. Eos quia voluptatem commodi voluptate est officiis sequi rerum. Iste dolorum molestiae qui eligendi dolorem dolorum in magnam.',1,0,'2009-03-03 17:34:43'),(212,82,159,'Quidem fugiat ipsum tempore. Sit voluptate explicabo non officiis ipsum ipsa inventore. Enim unde aut voluptas soluta a.',1,1,'1976-04-06 23:17:17'),(213,353,295,'Illo facere non enim quia voluptatum quia suscipit molestiae. Incidunt quo eum suscipit iusto. Aliquam rerum rerum illo id.',1,1,'1980-06-13 14:31:04'),(214,316,302,'Omnis consequuntur et officiis qui odio tempora. Ut animi nobis sed ut laborum non incidunt labore. Similique recusandae quia inventore rerum consequatur hic ullam.',1,1,'1995-10-18 03:48:34'),(215,124,167,'Eos doloribus delectus iure facilis mollitia animi sit. Ex id dolore eius et fugiat natus. Eveniet rerum ullam dolorem.',1,1,'1983-02-13 20:15:22'),(216,69,334,'Sed deleniti eaque earum placeat eum vero illo modi. Eius nulla nemo cumque quis qui laborum consectetur. Repellendus sed quia voluptates dolorum.',1,1,'1999-10-07 16:44:54'),(217,374,284,'Dolores placeat dolorem expedita voluptatem voluptate. Molestias consequuntur alias ea optio necessitatibus. Ea architecto vitae et amet ex.',0,0,'2011-09-28 01:00:42'),(218,60,307,'Excepturi delectus fuga aut quam adipisci aut. Minus voluptatem ullam minima delectus enim. Blanditiis id et ducimus.',1,0,'1990-10-27 07:39:47'),(219,379,129,'Nemo vitae qui sit molestiae rem in corporis placeat. Asperiores nihil nulla molestiae. Ipsum saepe tenetur commodi et cupiditate omnis quia.',1,1,'2004-02-20 18:13:38'),(220,115,226,'Tempore et molestias dolores omnis. Fugit culpa et quos alias laborum qui. Incidunt facilis ut quaerat aut.',1,0,'1996-02-10 14:16:25'),(221,237,321,'Rerum rem quasi sunt laborum consequuntur nostrum numquam aut. Qui deserunt sit enim ea quis. Quis quasi quasi repellat vitae quisquam.',1,1,'2013-12-20 20:55:02'),(222,39,199,'Vero et sapiente tenetur. Sed ut repudiandae sint laudantium sint atque. Eius ullam rerum voluptatum placeat in nesciunt minima aspernatur.',1,0,'1986-01-13 13:26:31'),(223,284,127,'Magni et non cupiditate animi nihil rerum aut omnis. Pariatur ut et quasi autem in. Voluptatem inventore id veniam laboriosam ad. Vel voluptatem sequi cupiditate illum facilis.',0,0,'1993-05-11 21:24:50'),(224,104,156,'Consequuntur cupiditate velit explicabo quia sed vitae similique. Ut exercitationem in rerum iste odio accusamus. Occaecati est et debitis sed distinctio voluptatem et omnis.',1,0,'2007-09-06 02:08:07'),(225,66,329,'Soluta facilis aut assumenda consectetur doloribus quo asperiores. Enim vel dolorem quia fugit in cupiditate fugit. Excepturi nihil sed molestias reprehenderit et voluptas. Consequatur minima et dolore in.',1,1,'1972-12-29 18:23:02'),(226,17,249,'Consequatur consequatur aut quia amet assumenda. Nesciunt et ea itaque officiis quis atque qui ex. Dolores amet maxime et illo. Odit veritatis labore repellendus alias nam et modi.',0,0,'1993-02-10 10:38:40'),(227,286,106,'Veniam delectus cum consequatur. Ut ut officia commodi.',1,0,'2003-01-26 18:03:29'),(228,179,79,'Eos deserunt omnis praesentium totam ad natus ratione. Modi facilis repellendus in at placeat ut perferendis. Sunt aliquid sint iusto et modi esse et. Aut minus ipsam modi.',0,0,'2002-02-19 23:25:05'),(229,36,266,'Voluptatibus ex quaerat sit harum et ipsam rerum. Quis tempora reiciendis omnis et enim quis. Aut rerum sit velit ab animi necessitatibus quia eos. Asperiores laboriosam omnis ex quam maiores perspiciatis.',0,0,'2004-08-21 18:01:20'),(230,44,273,'Consectetur vel quis voluptas facilis et. Officia impedit est numquam qui iste excepturi est ea. Enim eaque corporis doloremque doloribus. Sint eum saepe laborum atque facilis. Ut eligendi minus odit.',1,1,'1981-04-02 05:12:35'),(231,112,141,'Beatae ducimus distinctio officia provident quis. Tempore autem accusantium modi aspernatur aut quaerat velit fugit. Pariatur ab consequatur eum ut. Cupiditate qui repellendus corrupti ipsam veritatis. Natus autem ipsum reprehenderit quo libero.',1,1,'1982-12-15 09:50:54'),(232,29,128,'Impedit exercitationem libero facilis repellendus aliquam aut veritatis tempora. Hic laudantium harum rerum. Distinctio dignissimos qui nihil a quas amet iusto. Ea quam omnis enim. Voluptatem et vitae quam delectus nam nisi quia.',1,1,'1985-07-06 10:34:42'),(233,206,17,'Cupiditate corrupti sed molestias est. Sit qui eius et nesciunt ea. Ea quia dolor voluptatem excepturi excepturi voluptatem facilis.',1,1,'1996-05-22 07:09:47'),(234,141,95,'Voluptas libero voluptatem nulla occaecati autem qui ut cupiditate. Vitae et tempora itaque officia. Similique iure tempore enim.',1,1,'2018-06-13 16:58:21'),(235,88,345,'Mollitia nesciunt ut vel earum perferendis quae. Laboriosam voluptas ipsum aut. Et vero laudantium id quisquam omnis et. Eos est vel est et ut nesciunt provident.',1,1,'1974-12-09 17:59:52'),(236,17,110,'Dolore veritatis accusamus ab asperiores cum et doloremque ut. Vero ad enim delectus assumenda pariatur necessitatibus sequi nesciunt. Et ab expedita cumque eum molestiae.',1,1,'1986-12-24 08:26:26'),(237,221,231,'Tempore quos atque dignissimos eum. Eaque illum laudantium iusto ut culpa. Rerum consectetur nihil est porro beatae.',1,1,'1981-01-11 06:14:50'),(238,254,201,'Possimus voluptatem et cupiditate ab iusto. Error blanditiis excepturi natus debitis.',1,1,'1979-06-27 06:13:39'),(239,207,297,'Eos enim a ut. Id quod quod quis quas voluptatem expedita. Dolorum ipsum placeat aliquam iure. Perspiciatis ut impedit iste repellendus. Reiciendis voluptate autem alias.',1,1,'2015-07-12 13:37:47'),(240,273,145,'Ratione eum quo animi ea qui. Aut laborum odit sapiente nisi nemo quod ut.',1,0,'2008-05-11 23:08:59'),(241,342,66,'Sit voluptatem laboriosam quod non. Atque quia reprehenderit nisi aut et. Quidem magnam ipsum amet veritatis nisi.',0,0,'1981-12-25 22:08:41'),(242,90,7,'Enim perspiciatis doloremque reiciendis animi et. Consequatur dignissimos non et ut dignissimos officiis harum. Iste molestiae ex consequatur et placeat. Aut cupiditate enim et tempora dignissimos.',0,0,'2005-06-10 07:04:50'),(243,224,121,'Qui mollitia reiciendis maxime ut. Voluptatem aliquam natus vitae minima. Id debitis aut ut voluptatem.',0,0,'1980-07-14 06:02:42'),(244,48,67,'Veritatis et quibusdam natus et architecto consectetur id aut. Itaque ut ut provident a. Provident nemo labore culpa est optio.',1,1,'1973-03-31 12:54:36'),(245,367,289,'Est sed officiis neque. Quo repellendus est et dolores cumque nihil dicta. Expedita incidunt est distinctio id sapiente distinctio aut qui.',1,0,'2002-06-03 11:12:02'),(246,93,136,'Dicta sed et tempora aut sint similique accusamus modi. Voluptas assumenda aliquid adipisci est. Delectus consequatur sit maxime perspiciatis. Aut atque aperiam eligendi.',1,1,'1984-10-06 15:22:39'),(247,162,244,'Voluptas aut adipisci incidunt ea quis iure minima. Corrupti consequuntur ipsum fugit a vel minus. Sunt recusandae beatae et aut unde est nihil. Aliquam libero quaerat vero culpa numquam ad.',1,1,'1999-09-26 19:32:34'),(248,132,29,'Mollitia est rerum quia et et. Quam aspernatur deserunt dolor sapiente deleniti omnis. Soluta non aut autem hic velit reprehenderit. Dolor voluptatibus aut ipsa illum molestias nihil qui illum. Laboriosam minima consectetur perferendis consequatur ut.',1,1,'2019-01-16 21:38:45'),(249,171,116,'Vitae ut ut fugit aliquid in alias minus. Accusantium eveniet aliquam quis tenetur sed. Molestiae sint sit fuga ipsum qui et atque. Adipisci id qui nostrum aut fugiat.',0,0,'2005-05-18 11:02:57'),(250,61,149,'Odit cumque corporis ut eveniet. Error omnis nostrum ex repudiandae ullam animi. Fugiat provident corporis dicta animi ut et quia.',1,0,'1974-12-02 17:24:10'),(251,189,154,'Praesentium ea illum necessitatibus dolorem est. Ut consequatur pariatur at exercitationem cum quia. Tenetur quisquam sint voluptates tempora. Eum quo laborum veniam qui eos error fuga.',1,0,'1999-09-20 10:45:12'),(252,362,221,'Sunt est laudantium et. Iure velit expedita blanditiis. Aperiam distinctio sed eum suscipit aliquid dolor sint. Non quo perspiciatis corrupti quis beatae.',1,0,'2013-10-19 14:30:03'),(253,42,255,'Sed reiciendis ut commodi. Ex et ullam eligendi ut.',1,1,'1974-02-07 09:48:31'),(254,323,12,'Ratione quia sit laudantium. Veniam aut consequuntur quisquam earum rerum. Repudiandae laborum quae vel. Exercitationem dolores voluptatem et error.',0,0,'1984-12-12 14:02:25'),(255,291,6,'Fuga praesentium ut ipsum. Veritatis totam iusto rerum animi excepturi. Quaerat aperiam optio a ea. Eos sequi corporis porro ipsum modi vel.',1,1,'1980-12-27 18:06:49'),(256,86,161,'Qui laudantium aliquid placeat. Dolores ipsam vitae ipsa. Aut et rerum voluptatem facilis recusandae autem. Voluptate a labore voluptatem est explicabo.',1,1,'1983-06-02 13:32:30'),(257,356,325,'Commodi qui cum soluta quas nostrum. Error quos fuga modi numquam voluptas voluptate. Facere dolor voluptatem rerum fugit ullam et aspernatur.',1,1,'1976-10-16 18:41:15'),(258,321,218,'Accusantium aut cupiditate rem nemo commodi omnis maiores. Et voluptatem consequatur quis vero sapiente nemo non. Beatae magni veritatis et sed iste in et. Aut sit voluptatibus quia velit sint recusandae. Incidunt sed natus hic distinctio aut magnam.',1,1,'2002-01-09 18:17:42'),(259,137,209,'Et nisi animi libero aliquid. Libero porro laborum ea dolor sunt aperiam blanditiis. At molestias itaque qui necessitatibus eveniet sint sunt.',1,1,'2003-05-15 11:15:15'),(260,121,94,'Corporis inventore cum corrupti qui. Maxime et maiores ut facere molestiae commodi possimus. Ab ullam magnam velit voluptatem vel qui.',1,1,'2017-12-24 22:27:47'),(261,193,122,'Atque atque recusandae molestiae molestias omnis qui qui doloribus. Dignissimos aliquam aut aliquam qui. Ea culpa delectus animi itaque ea et. Expedita perspiciatis amet quia ut porro.',1,1,'1975-03-11 13:02:22'),(262,204,1,'Tempore quis ipsum distinctio aut dignissimos repellendus molestias. Tenetur quaerat facere eius natus sunt sapiente. Consequatur exercitationem et ut vero quos.',1,0,'1985-04-04 13:43:38'),(263,39,170,'Incidunt nesciunt perspiciatis corrupti vel id culpa numquam. Praesentium accusantium molestias consequatur quos. Debitis veritatis magnam quia a rerum aspernatur minima ut. Voluptatem beatae veritatis necessitatibus eum voluptas corporis architecto. Voluptate rerum voluptas architecto explicabo illum.',1,1,'2012-05-24 18:02:14'),(264,384,34,'Earum sed odit nisi reiciendis. Totam possimus in occaecati et. Ea pariatur non aut hic.',1,1,'2019-08-28 23:42:50'),(265,200,18,'Nobis ducimus ad provident exercitationem voluptas vitae voluptatem. Illum a quidem consequatur et quas quibusdam ut.',1,1,'1974-07-07 03:38:54'),(266,248,269,'Qui deleniti est laborum ipsa voluptatem labore qui. Rerum est temporibus quia delectus dicta officia. Veritatis qui enim aspernatur unde veniam modi. Ducimus voluptates quae quia.',1,1,'2012-05-04 11:02:49'),(267,240,148,'Qui doloribus voluptas eos aut. Aut quisquam cumque rerum qui. Voluptates est qui nisi in repellat quidem. Fugiat dolorem quod qui aut saepe mollitia.',1,0,'1991-12-08 21:08:38'),(268,56,288,'Corporis perferendis et praesentium occaecati et est. Voluptas labore corporis rerum explicabo quo esse voluptate veritatis. Autem labore ut explicabo sint ipsa in.',1,1,'2002-08-16 20:09:33'),(269,358,315,'Rerum eos blanditiis vitae voluptatem. Eos aut cum sunt et distinctio illo consequuntur. Ipsa et maiores soluta vero quaerat fugiat neque et. Quo aut eligendi atque earum voluptas. Vero molestiae magni voluptates ut sint ad vel rerum.',1,1,'2000-04-05 11:23:58'),(270,23,242,'Itaque voluptatem ad quis architecto et inventore temporibus. Eveniet quia dolorem ut in. Dolor ipsum laudantium reiciendis et numquam itaque dolor est.',1,0,'2015-02-27 19:48:29'),(271,240,139,'Consequatur totam libero iste accusantium odio. Amet maiores aut est autem ea et. Ullam dicta qui voluptatem minima. Sunt ad occaecati et dicta qui velit.',0,0,'1976-03-06 01:15:48'),(272,330,43,'Est ipsum nesciunt minus et cupiditate quod aperiam. Et ut commodi nostrum ab eos. Vero nihil vitae eveniet voluptatem quia et necessitatibus.',0,0,'1990-11-02 08:21:16'),(273,131,40,'Sit autem occaecati optio natus laborum. Quae est molestias error nihil. Commodi sit libero dolore asperiores perferendis.',1,1,'1978-03-27 12:18:04'),(274,62,103,'Omnis illo dolorem sapiente minima. Asperiores maxime molestias autem et minima accusamus. Similique adipisci quisquam exercitationem sunt nam.',1,1,'2016-05-01 21:27:42'),(275,318,280,'Commodi incidunt dignissimos quod. Odit unde quibusdam quasi fuga aperiam ut. Deleniti voluptatibus iure excepturi rem dolorum laudantium tempore.',1,0,'1978-06-20 19:54:10'),(276,204,99,'Quos ut vel pariatur exercitationem. Animi sit alias consequuntur non impedit provident tempora. Quod qui excepturi expedita iure vero ut enim aut.',0,0,'1994-12-21 20:04:46'),(277,63,30,'Doloribus repellat ipsa voluptatum tenetur quis. Ipsa consequatur inventore quisquam quod eum soluta. Ut nisi sed molestias incidunt delectus asperiores et dolorum. Vel repudiandae voluptatibus id rerum facilis ut.',1,1,'2005-11-21 19:57:15'),(278,105,338,'Esse et id sequi voluptas non vel porro voluptatibus. Adipisci aut sed exercitationem ut est.',1,0,'1971-12-23 19:45:27'),(279,334,77,'Aut aut enim omnis nostrum magni quis natus ex. Officiis vel occaecati enim. Nobis quidem ut ut nihil.',1,0,'2002-10-28 14:17:04'),(280,155,301,'Deleniti aut rerum vitae iste corrupti quidem. Doloremque non est qui voluptatibus sint hic. Vel repellendus qui perferendis dicta. Ut et eaque consequuntur voluptatum perferendis numquam quo.',1,1,'1995-10-21 17:26:15'),(281,172,39,'Suscipit cum debitis et nulla dignissimos. In sit et quod ut iste repellat. Non in dolores necessitatibus.',1,1,'1997-01-02 19:43:30'),(282,395,165,'Rerum voluptatem eligendi et fugit ea nobis dolores. Itaque voluptas et quam. Ex voluptas voluptatibus sint voluptas.',1,1,'2008-02-15 09:23:04'),(283,259,135,'Nam facilis debitis perspiciatis. Quis tempore sunt alias nesciunt alias. Repellendus velit ratione quo laborum aut aliquam. Qui dicta illo maxime iusto.',1,1,'2003-08-20 23:48:05'),(284,111,160,'A enim nobis cupiditate voluptatibus quia. Sed tempore officia autem in eos eum.',0,0,'1984-11-23 21:34:24'),(285,177,294,'Beatae autem qui quisquam. Nihil totam non excepturi aut. Fuga ullam ullam atque reiciendis sit quia.',1,1,'1995-06-01 18:13:11'),(286,151,240,'Iste facere ut molestiae excepturi repellat. Voluptatum voluptatum quia eius assumenda cum. Reprehenderit in ad illum iure. Corrupti vel fugit molestiae ipsam nostrum sequi.',1,0,'2018-12-09 17:30:55'),(287,226,251,'Est amet quis ut aspernatur aut soluta laboriosam. Sapiente voluptatibus et ab alias animi voluptatibus provident. Beatae tempora eius culpa a quis reprehenderit.',1,1,'1970-01-06 10:53:38'),(288,273,182,'Dolor nihil molestias ea commodi. Quaerat excepturi quam rerum qui. Eius recusandae sed pariatur aut sed aliquam. Eum et cupiditate recusandae.',1,1,'1971-11-04 12:56:27'),(289,286,155,'Consequatur culpa natus excepturi incidunt eaque est optio. Minus nulla maxime pariatur veritatis corporis commodi. Quia sed consequatur quia amet repudiandae laborum. At sint officia dolor autem nisi.',1,1,'2004-01-24 23:33:48'),(290,213,223,'Aut vitae sunt qui quo recusandae id omnis a. Voluptatem voluptas libero veniam tenetur repudiandae. Cum similique rerum ea accusantium sed.',0,0,'1992-12-17 11:03:43'),(291,204,143,'Fuga et officia quos est ipsam. Ut voluptas sint et earum soluta. At ea eaque molestias optio commodi excepturi. Eius reprehenderit ipsum architecto voluptatem vel repellendus.',0,0,'1972-12-22 05:01:45'),(292,383,350,'Laborum doloribus voluptate placeat id quo omnis veniam. Modi dolorum voluptate porro repudiandae inventore natus. Et ratione dolor sed voluptatem. Et ut consequuntur et.',1,0,'2005-11-22 06:24:18'),(293,102,243,'Pariatur dolorem quo eius nemo dolores. Dolorem voluptas sit saepe facere est. Ea repudiandae nihil accusantium dolores illo cum.',1,1,'1979-06-22 21:14:49'),(294,159,109,'Est temporibus dicta alias doloribus eos rerum. Necessitatibus officiis vel magnam sequi quas quae error. Voluptate veniam officiis aut ut pariatur molestiae velit.',1,0,'1979-12-06 13:05:01'),(295,89,9,'Et esse ut quod. Eos corrupti ut consequatur accusamus eaque dolorem hic. Consequatur quo ducimus molestiae explicabo autem enim.',1,1,'1971-12-03 12:51:11'),(296,366,239,'Consequuntur vel nostrum praesentium ea. Vitae sequi non ut. Non officia asperiores est ut omnis quo et. Voluptatem provident quod tenetur omnis.',1,0,'1997-10-01 20:29:04'),(297,365,343,'Laudantium sint magni rem rerum. Atque consectetur voluptas fugit sunt exercitationem voluptatem iusto. Laborum nostrum aperiam voluptatibus esse numquam nihil.',1,1,'1998-02-01 05:16:44'),(298,325,238,'Odio nemo corrupti fugit odio non rerum. Iste ab officiis voluptate nulla iure eaque.',1,1,'2013-11-14 12:29:52'),(299,129,175,'Id consequatur et impedit qui. Corporis sed nostrum totam inventore totam. Impedit non quasi recusandae dolor sunt est perferendis. Similique blanditiis perferendis maxime neque ex.',1,0,'1995-04-06 23:01:11'),(300,70,74,'Modi dolor ratione mollitia pariatur tenetur dolore magni. Sequi qui mollitia eveniet.',1,1,'2010-02-12 09:32:24'),(301,361,73,'Delectus sed aut est sit maiores temporibus unde. Sit unde at ipsa illo non nesciunt expedita. Placeat et molestiae voluptate est suscipit qui nihil unde. Nihil ipsum voluptatem eius neque pariatur alias. Laborum numquam repudiandae quia animi ea eos consequatur.',1,1,'1986-02-18 23:01:07'),(302,397,319,'Esse vel et explicabo qui. Quia quia mollitia expedita harum. Assumenda sit recusandae qui dolores.',1,1,'2013-03-08 16:34:56'),(303,99,115,'Et ullam et voluptatem dolor sed saepe aliquid. Vero omnis quidem consequatur et quae quod dolor sint. Distinctio sit ratione mollitia dignissimos quis corrupti magni nisi.',0,0,'2009-08-01 12:02:20'),(304,103,3,'Dolores ut pariatur dolor inventore. Necessitatibus impedit quasi sit inventore et dignissimos. Recusandae natus excepturi pariatur maxime.',1,1,'2000-05-07 23:45:37'),(305,217,118,'Aliquid ipsa omnis dolores sapiente sit aut. Ex asperiores voluptatum unde ut pariatur.',0,0,'1996-06-14 06:20:34'),(306,378,222,'Assumenda et animi molestiae quasi. Voluptatem similique velit sapiente qui fuga sit eum. Dolore libero aut amet iste illum.',1,0,'1984-09-02 07:27:14'),(307,38,259,'Vero velit deleniti ipsa nihil earum. Voluptatem maxime non cupiditate molestias qui veritatis.',0,0,'1985-11-30 09:26:41'),(308,256,282,'Sint incidunt sunt corrupti similique pariatur non. Reiciendis quos nobis a. Maxime consequatur et nihil atque et dicta.',1,1,'2000-07-16 11:36:18'),(309,364,230,'Dolorem optio quam perspiciatis molestiae. Magnam dolorem aliquid illum. Qui et ipsa sunt expedita aspernatur id. Numquam aut autem exercitationem explicabo aspernatur et et.',1,1,'1994-03-28 08:06:23'),(310,251,232,'Quis suscipit soluta voluptatem est amet quae nobis. Vero est ut error. Reprehenderit aut labore deleniti recusandae incidunt perferendis illum.',0,0,'2007-07-23 07:23:36'),(311,164,322,'Eveniet vitae magnam aperiam autem voluptates expedita eligendi. Placeat ut similique sequi rerum voluptate autem sed. Necessitatibus sunt et molestias libero eligendi.',1,0,'2014-08-14 22:29:17'),(312,68,61,'Ex mollitia culpa expedita qui in voluptatem sed vitae. Est odio est veniam vero dolorem quis hic. Placeat consectetur nesciunt molestiae rem beatae magni. Cumque nostrum perferendis sit vitae laudantium.',1,1,'1989-09-11 05:16:04'),(313,246,213,'Dolorum ratione voluptatem nobis dicta velit asperiores. Architecto ad quae expedita. Sit commodi ut optio ut et et earum. Laboriosam voluptatem sit laborum. Eaque ipsum nisi omnis explicabo reiciendis id.',1,1,'1970-04-26 07:57:00'),(314,224,178,'Vel explicabo aut facere adipisci possimus ex. Sapiente voluptas commodi qui molestias at. Et sequi nesciunt nihil dolor repudiandae sit et. Quis eveniet aut ut ut id est et molestiae.',1,1,'2000-01-12 12:15:41'),(315,384,333,'Ipsum eius omnis et illo laudantium eveniet. Sed neque voluptatibus voluptates sed exercitationem ex minima. Recusandae ut ab fugiat molestiae natus omnis.',1,1,'2011-02-22 16:25:04'),(316,48,189,'Eius optio nobis ut necessitatibus minima fugit. Harum nostrum et aut quasi officia maiores. Non et alias quia quia nam et neque. Illum id praesentium omnis et aspernatur.',0,0,'1973-03-28 01:49:17'),(317,286,205,'Quos iure illum repudiandae quis autem sint quas. Incidunt assumenda quidem id quas fuga ut ea. Dolorem tenetur temporibus accusamus et sequi dignissimos minus. Qui iure unde voluptate reiciendis aut ea aut.',0,0,'1972-05-13 23:39:57'),(318,85,305,'Aut est vel ut non illo. Et voluptas qui assumenda modi cumque iure.',0,0,'1981-03-12 15:48:28'),(319,369,335,'Sed quos reiciendis nobis assumenda est eum molestiae. Placeat voluptas officiis pariatur iusto. Unde omnis quia nisi nostrum. Quam quasi deleniti quia numquam consequatur.',0,0,'1977-02-18 23:59:34'),(320,387,265,'Et voluptatem saepe omnis aliquid suscipit. Voluptas aut qui enim magni error sit. Blanditiis accusantium sequi hic esse voluptas voluptate.',1,0,'1981-09-12 16:04:32'),(321,28,114,'Commodi placeat eum repellendus aut. Facilis commodi consequatur iste ipsam molestias labore. Cumque ut nesciunt corrupti ut similique recusandae ea. Magnam eaque sunt a ad voluptas ducimus.',1,1,'1990-09-19 06:44:31'),(322,177,68,'Esse ea earum ut odit. Qui voluptatum id unde. Omnis quidem deserunt excepturi ut.',0,0,'1977-08-17 00:31:01'),(323,4,130,'Quam atque est repellat commodi earum. Laborum possimus neque aut eum.',1,1,'2012-05-04 19:20:02'),(324,286,164,'Consequatur et vel eos nostrum recusandae ut neque aperiam. Voluptatibus ullam esse ut omnis rem rem. Quis illo et debitis sequi nesciunt.',0,0,'1980-07-02 09:55:30'),(325,218,254,'In quasi perspiciatis quia qui iure aut qui. Et placeat id quia veniam et. Ducimus voluptatem excepturi consequuntur. Cum sed voluptate debitis vitae qui neque.',1,1,'2003-11-22 14:02:02'),(326,231,268,'Distinctio dicta deserunt cumque repudiandae. Animi mollitia accusamus necessitatibus sed illo sed sapiente. Beatae non dolorum quaerat sed accusamus dolorem.',1,1,'2003-12-02 19:38:38'),(327,100,59,'Soluta magnam qui nostrum ut sit ipsa quisquam. Quam alias mollitia in nobis debitis eligendi. A sed ea quisquam praesentium esse maiores. Fuga voluptate eveniet tempora perspiciatis magni soluta ipsa.',1,0,'1987-08-24 04:50:23'),(328,209,210,'Error itaque totam explicabo reprehenderit. Facilis recusandae repellendus non vel placeat.',1,0,'2001-05-17 02:14:20'),(329,341,78,'Aspernatur explicabo unde quisquam iste qui et. Esse aut adipisci unde repellat quia itaque. Ut est commodi qui voluptatem suscipit mollitia. Dicta quas quo ratione eligendi.',0,0,'2014-04-15 23:46:47'),(330,280,311,'Perferendis vel ipsam voluptatibus voluptatem. Error et et reprehenderit et unde mollitia. Consequatur quaerat suscipit illum dolorem.',1,1,'1989-03-30 12:43:50'),(331,378,219,'Blanditiis pariatur et qui maxime non perferendis eum. Dolorem non dicta numquam est rerum totam nesciunt. Ex possimus rerum non sed amet. Consequatur molestiae incidunt quam occaecati cumque.',1,1,'1981-09-17 00:07:22'),(332,248,163,'Quas non omnis magni facilis tempora distinctio. Porro est et sed aut et quod magni. Sunt nam quasi ut dicta sed qui provident.',1,0,'2016-09-12 15:23:41'),(333,104,320,'Ipsam voluptatem molestiae voluptates labore. Assumenda sunt quos porro tempora culpa et excepturi. Est deleniti voluptatem qui assumenda. At omnis aliquam sint error ut.',1,1,'1975-03-11 18:58:42'),(334,174,65,'Consequatur quo quod quisquam aut consequatur. Non vel reprehenderit omnis quae qui hic. Explicabo libero autem et eum ipsum. Autem nisi vel nostrum qui amet quo tempora ut.',1,0,'1987-09-02 14:37:46'),(335,161,331,'Vitae aut voluptatem quis voluptas. Ut sunt qui ut ad enim. Beatae quia expedita nisi ex voluptatem dolor. Sint ea assumenda sequi laborum officiis.',1,1,'1995-11-08 00:21:10'),(336,283,312,'Molestiae consequatur qui consequatur provident. Et fugit eligendi aut aperiam eligendi qui molestiae. Qui ipsum dolores illo et ex in. Nihil libero nobis aspernatur iste debitis harum.',0,0,'1973-05-08 15:06:16'),(337,130,293,'Iusto reprehenderit beatae sed maiores laudantium ea et. Rerum eveniet enim praesentium accusamus assumenda molestiae eveniet impedit.',1,1,'1979-11-25 06:47:57'),(338,201,220,'Tempore harum quaerat tenetur harum est maxime quisquam. Dicta ipsum tenetur quia earum qui odit. Laboriosam id molestiae quas tenetur. Et voluptatem reprehenderit nihil et ad. Sint doloribus nisi et et et sed aliquam.',0,0,'2013-10-31 10:10:33'),(339,213,58,'Esse et at debitis. Maxime omnis at ea est sed. Ea deleniti consequuntur hic nesciunt aut. Rerum id similique quasi voluptatem.',1,0,'1975-10-25 21:45:22'),(340,64,168,'Sed nostrum vero aspernatur qui. Recusandae hic unde neque porro adipisci neque non magni. Est asperiores vel minima quasi eligendi voluptatem. Sit ab quisquam adipisci nemo voluptate.',1,1,'2009-10-12 18:14:03'),(341,79,196,'Tenetur est eveniet voluptate voluptatem minima quia nemo. Rerum et quia dicta aut. Reiciendis nesciunt esse molestiae aut.',1,1,'1977-06-14 21:31:41'),(342,202,2,'Temporibus et natus delectus sed quo ad ea. Sint eius est totam. Aliquam magnam illo dolores eligendi consequatur.',1,0,'2016-06-24 18:06:54'),(343,371,13,'Eum sint et cupiditate tenetur. Aut dolorem consequatur assumenda blanditiis. In impedit quo aut et. Labore nostrum molestias ut consequatur dolorem vel. Earum id corrupti dolorem ipsa deleniti similique sed est.',0,0,'1993-02-04 14:50:52'),(344,50,31,'Eligendi quos voluptatum sunt. Cum maiores aut fugit sit architecto natus qui. Amet recusandae sed saepe labore ea aut blanditiis.',1,1,'1985-06-26 18:31:40'),(345,338,146,'Rerum voluptatem at architecto aliquam ut ut. Eos et quis qui qui cum tempore a. Aut ullam exercitationem voluptatum eum culpa.',0,0,'2013-07-21 08:28:06'),(346,337,5,'Molestias est iure ea repellendus aut ad doloribus. Sit ducimus eaque expedita sed. Corporis rem commodi magnam doloremque harum est.',1,0,'2014-05-25 02:58:08'),(347,272,346,'Quidem occaecati quidem ut veniam non. Consequatur sit fuga voluptatum. Porro reprehenderit provident non qui beatae quisquam voluptas quam. Qui aperiam officia id. Sint omnis officia temporibus animi recusandae.',1,0,'2006-11-21 01:54:52'),(348,349,33,'Consequatur quia rem hic facilis aut laborum non. Tempore enim sequi eaque nemo. Vel debitis non eum et quia quam perspiciatis. Et molestias distinctio quasi velit perferendis fuga.',1,0,'2001-07-13 19:35:31'),(349,126,19,'Saepe voluptas officiis aliquid harum. Deleniti est nihil repellendus sit magnam. Reiciendis odit dolorem placeat amet harum molestiae. Molestias saepe aut vel doloremque quisquam nihil.',1,1,'2010-03-05 07:56:37'),(350,384,60,'Et perferendis libero odio sit. Labore maxime nemo reiciendis nihil ut quia. Nemo aut et voluptatem quis fuga accusantium.',1,1,'2019-04-08 12:40:02');
/*!40000 ALTER TABLE `messages` ENABLE KEYS */;
UNLOCK TABLES;

--
-- Table structure for table `photos_users_apartments`
--

DROP TABLE IF EXISTS `photos_users_apartments`;
/*!40101 SET @saved_cs_client     = @@character_set_client */;
/*!50503 SET character_set_client = utf8mb4 */;
CREATE TABLE `photos_users_apartments` (
  `id` int unsigned NOT NULL,
  `target_type_id` int unsigned NOT NULL,
  `target_id` int unsigned NOT NULL,
  `filename` varchar(255) CHARACTER SET utf8 COLLATE utf8_unicode_ci NOT NULL,
  `size` int NOT NULL,
  `created_at` datetime DEFAULT CURRENT_TIMESTAMP,
  `updated_at` datetime DEFAULT CURRENT_TIMESTAMP ON UPDATE CURRENT_TIMESTAMP,
  PRIMARY KEY (`id`),
  KEY `photos_users_apartments_target_type_id_target_id` (`target_type_id`,`target_id`),
  CONSTRAINT `photos_users_apartments_target_type_id_fk` FOREIGN KEY (`target_type_id`) REFERENCES `target_types` (`id`)
) ENGINE=InnoDB DEFAULT CHARSET=utf8 COLLATE=utf8_unicode_ci;
/*!40101 SET character_set_client = @saved_cs_client */;

--
-- Dumping data for table `photos_users_apartments`
--

LOCK TABLES `photos_users_apartments` WRITE;
/*!40000 ALTER TABLE `photos_users_apartments` DISABLE KEYS */;
INSERT INTO `photos_users_apartments` VALUES (1,1,74,'animi',36770,'1970-01-04 14:16:26','2020-03-11 16:11:43'),(2,2,33,'veritatis',8,'1979-08-12 21:03:40','2020-03-11 16:09:16'),(3,1,77,'quis',990312284,'2007-05-10 06:35:32','2020-03-11 16:11:43'),(4,2,16,'fuga',576172826,'2008-07-15 21:55:36','2020-03-11 16:09:16'),(5,2,69,'rerum',86557,'1988-12-13 21:50:58','2020-03-11 16:09:16'),(6,2,55,'animi',8525134,'2007-08-22 00:44:33','2020-03-11 16:09:16'),(7,2,50,'similique',579,'1996-08-29 08:41:48','2020-03-11 16:09:16'),(8,2,47,'id',99,'2017-11-03 13:05:13','2020-03-11 16:09:16'),(9,1,106,'molestiae',51166,'1984-03-28 13:10:19','2020-03-11 16:14:14'),(10,1,92,'vitae',6161,'2000-08-18 13:07:35','2020-03-11 16:11:43'),(11,1,67,'est',25061,'2017-04-14 06:30:59','2020-03-11 16:11:43'),(12,2,93,'dolor',990,'1987-02-24 02:34:46','2020-03-11 16:17:55'),(13,1,57,'eum',833,'2007-01-11 02:15:26','2020-03-11 16:17:55'),(14,1,84,'dolorem',193,'1987-09-28 13:52:08','2020-03-11 16:17:55'),(15,1,49,'ratione',6158,'1971-01-17 20:54:49','2020-03-11 16:11:43'),(16,1,92,'sed',5,'2002-04-19 06:09:29','2020-03-11 16:11:43'),(17,2,28,'blanditiis',23,'2011-08-13 02:41:55','2020-03-11 16:09:16'),(18,1,11,'consectetur',8231191,'2009-11-02 17:06:40','2020-03-11 16:11:43'),(19,2,55,'rerum',464,'1973-12-22 02:17:11','2020-03-11 16:17:55'),(20,1,79,'est',740,'1993-10-15 12:10:16','2020-03-11 16:17:55'),(21,2,6,'et',310,'2009-05-04 22:34:04','2020-03-11 16:17:55'),(22,1,60,'officia',78752500,'1977-08-26 04:05:17','2020-03-11 16:11:43'),(23,2,77,'molestiae',988384,'1997-04-04 13:27:41','2020-03-11 16:09:16'),(24,2,48,'perferendis',302952370,'1989-05-20 14:32:39','2020-03-11 16:09:16'),(25,1,138,'ad',230979,'1971-06-26 16:26:41','2020-03-11 16:14:14'),(26,1,42,'culpa',930450840,'2018-01-16 14:14:56','2020-03-11 16:11:43'),(27,2,23,'explicabo',27167640,'1977-01-17 14:10:08','2020-03-11 16:09:16'),(28,1,14,'voluptatem',5508,'1984-06-28 15:54:58','2020-03-11 16:11:43'),(29,2,9,'placeat',260684499,'1983-07-18 09:59:53','2020-03-11 16:09:16'),(30,2,24,'expedita',79,'1991-02-15 05:53:49','2020-03-11 16:09:16'),(31,2,6,'quos',564911,'2014-08-18 04:34:54','2020-03-11 16:09:16'),(32,2,54,'et',127400,'2002-03-03 23:13:47','2020-03-11 16:09:16'),(33,1,43,'adipisci',12043186,'1977-09-02 17:57:45','2020-03-11 16:11:43'),(34,2,18,'consequatur',215,'2001-06-05 19:15:58','2020-03-11 16:14:14'),(35,1,73,'ab',64,'1979-10-21 03:51:44','2020-03-11 16:11:43'),(36,2,94,'fuga',3,'2019-02-28 07:16:39','2020-03-11 16:09:16'),(37,1,26,'voluptas',328,'1998-04-07 07:15:47','2020-03-11 16:17:55'),(38,1,69,'aut',34,'1993-09-29 11:34:40','2020-03-11 16:11:43'),(39,1,32,'sit',572645758,'1985-11-20 15:24:11','2020-03-11 16:11:43'),(40,1,53,'laborum',6,'1977-02-23 19:19:45','2020-03-11 16:11:43'),(41,2,83,'cum',12246381,'1990-03-22 17:29:10','2020-03-11 16:09:16'),(42,1,69,'exercitationem',766,'1987-03-22 14:57:07','2020-03-11 16:11:43'),(43,1,85,'dolor',4911605,'1993-10-15 18:44:51','2020-03-11 16:11:43'),(44,2,56,'veniam',3,'2004-12-03 02:56:57','2020-03-11 16:09:16'),(45,1,18,'nemo',76952382,'1981-01-31 07:48:43','2020-03-11 16:11:43'),(46,1,35,'enim',2399368,'2014-12-01 16:49:49','2020-03-11 16:11:43'),(47,2,58,'quod',29,'1995-06-03 04:35:21','2020-03-11 16:09:16'),(48,2,67,'quasi',994956789,'2004-01-21 17:01:56','2020-03-11 16:09:16'),(49,1,21,'officia',977105428,'1997-12-20 18:06:44','2020-03-11 16:11:43'),(50,2,28,'eaque',701035,'1987-05-25 07:39:45','2020-03-11 16:09:16'),(51,1,99,'reiciendis',7990,'1974-10-07 20:01:21','2020-03-11 16:11:43'),(52,2,57,'voluptatem',8,'2016-09-16 18:45:05','2020-03-11 16:09:16'),(53,1,33,'libero',669,'2016-02-04 05:16:29','2020-03-11 16:11:43'),(54,2,43,'similique',4,'2006-07-02 23:29:33','2020-03-11 16:09:16'),(55,1,67,'distinctio',9,'1999-02-18 12:59:47','2020-03-11 16:11:43'),(56,2,91,'perferendis',27695,'1975-08-13 10:48:39','2020-03-11 16:09:16'),(57,1,37,'dolor',2177142,'1972-12-01 03:19:42','2020-03-11 16:11:43'),(58,2,89,'iusto',5268,'1970-01-13 11:57:32','2020-03-11 16:09:16'),(59,2,23,'culpa',709,'2006-03-13 17:10:40','2020-03-11 16:17:55'),(60,1,80,'corrupti',560,'1995-07-21 22:33:20','2020-03-11 16:17:55'),(61,1,91,'exercitationem',5086,'1980-06-17 13:24:34','2020-03-11 16:11:43'),(62,1,76,'natus',5874,'2016-01-17 05:51:55','2020-03-11 16:14:14'),(63,1,93,'vel',675,'1997-01-26 05:40:36','2020-03-11 16:17:55'),(64,2,24,'doloribus',848585,'2016-03-08 20:25:31','2020-03-11 16:16:24'),(65,2,85,'exercitationem',22739462,'1985-11-07 06:43:54','2020-03-11 16:09:16'),(66,1,23,'recusandae',803,'1989-10-22 12:00:49','2020-03-11 16:11:43'),(67,2,40,'voluptatem',22951,'1985-07-07 01:05:18','2020-03-11 16:09:16'),(68,2,75,'aliquam',765,'2012-07-13 19:28:17','2020-03-11 16:09:16'),(69,1,39,'dignissimos',40134,'1995-03-09 00:34:43','2020-03-11 16:11:43'),(70,2,53,'dolorem',88043,'2018-09-18 02:34:36','2020-03-11 16:09:16'),(71,2,16,'repellendus',693,'2009-07-03 13:43:36','2020-03-11 16:17:55'),(72,1,24,'qui',174000858,'1977-02-24 10:19:18','2020-03-11 16:11:43'),(73,2,5,'veritatis',3234,'1977-05-04 04:53:30','2020-03-11 16:09:16'),(74,1,100,'explicabo',42042,'2012-07-28 10:54:34','2020-03-11 16:11:43'),(75,2,71,'ut',79175178,'2014-01-08 22:45:43','2020-03-11 16:09:16'),(76,2,78,'sunt',4469,'1998-12-22 07:02:32','2020-03-11 16:09:16'),(77,2,24,'voluptas',95892,'1975-11-28 23:37:02','2020-03-11 16:09:16'),(78,2,81,'qui',940,'2001-10-18 18:43:14','2020-03-11 16:09:16'),(79,1,31,'reiciendis',442,'1983-11-21 16:07:42','2020-03-11 16:17:55'),(80,2,98,'omnis',404025519,'1986-05-21 01:01:13','2020-03-11 16:16:24'),(81,2,14,'vitae',2,'2006-12-14 05:30:10','2020-03-11 16:09:16'),(82,1,53,'nostrum',18804,'2018-02-14 02:35:21','2020-03-11 16:11:43'),(83,2,67,'tempora',67,'1982-04-26 16:03:44','2020-03-11 16:09:16'),(84,2,36,'officiis',5345434,'1970-12-06 11:55:14','2020-03-11 16:09:16'),(85,2,96,'quas',5299338,'2000-10-02 21:35:13','2020-03-11 16:09:16'),(86,1,74,'dolores',850422,'2017-03-17 10:08:50','2020-03-11 16:11:43'),(87,2,1,'qui',7992,'1989-02-27 12:05:35','2020-03-11 16:09:16'),(88,2,100,'quasi',43062772,'1982-04-11 18:23:36','2020-03-11 16:09:16'),(89,1,256,'minima',128,'2017-01-03 03:35:15','2020-03-11 16:17:55'),(90,2,95,'quia',315,'1972-06-24 02:56:45','2020-03-11 16:17:55'),(91,2,24,'voluptate',499978948,'1970-11-27 12:17:22','2020-03-11 16:09:16'),(92,2,46,'aspernatur',508037,'2014-11-26 10:58:22','2020-03-11 16:09:16'),(93,2,44,'non',451449187,'1972-10-29 10:07:09','2020-03-11 16:09:16'),(94,1,17,'sunt',142,'2000-12-23 09:16:30','2020-03-11 16:11:43'),(95,2,40,'dolores',190,'2016-10-17 01:36:43','2020-03-11 16:17:55'),(96,1,60,'dolorem',4315945,'2018-12-21 18:12:34','2020-03-11 16:11:43'),(97,1,51,'ut',9,'1970-04-11 04:34:13','2020-03-11 16:11:43'),(98,2,76,'voluptatem',156617756,'1990-12-27 17:39:12','2020-03-11 16:09:16'),(99,1,72,'et',30105143,'1991-05-31 20:48:29','2020-03-11 16:11:43'),(100,1,6,'similique',494,'2001-02-08 04:58:46','2020-03-11 16:11:43'),(101,1,17,'quasi',12253040,'2012-04-12 18:35:03','2020-03-11 16:11:43'),(102,2,37,'at',9893,'1987-07-01 22:39:03','2020-03-11 16:09:16'),(103,1,63,'fuga',9361815,'1982-06-29 22:38:05','2020-03-11 16:11:43'),(104,2,24,'quis',7774,'2009-01-15 03:59:41','2020-03-11 16:09:16'),(105,2,11,'ratione',53,'1975-04-27 13:01:10','2020-03-11 16:09:16'),(106,2,16,'voluptatum',5,'1981-01-12 20:35:44','2020-03-11 16:16:24'),(107,1,31,'porro',48639963,'1993-07-10 17:54:12','2020-03-11 16:14:14'),(108,2,31,'sed',7365731,'1985-07-18 15:05:34','2020-03-11 16:09:16'),(109,2,6,'quidem',22,'1983-11-01 22:10:39','2020-03-11 16:09:16'),(110,1,32,'dolorum',82609208,'2004-04-29 02:41:59','2020-03-11 16:11:43'),(111,1,67,'rerum',3921,'1995-05-28 05:09:41','2020-03-11 16:11:43'),(112,1,36,'totam',94826,'1972-08-24 02:52:32','2020-03-11 16:11:43'),(113,1,167,'consectetur',1042283,'2019-10-24 19:42:01','2020-03-11 16:14:14'),(114,2,66,'sunt',11032933,'2009-01-31 19:15:23','2020-03-11 16:09:16'),(115,1,100,'aliquid',4688697,'1996-10-26 10:54:21','2020-03-11 16:11:43'),(116,1,53,'quis',573391112,'1986-07-15 12:39:50','2020-03-11 16:11:43'),(117,1,41,'fugiat',435146,'2000-07-01 06:38:05','2020-03-11 16:14:14'),(118,2,57,'dolores',4,'1998-08-21 10:36:37','2020-03-11 16:17:55'),(119,2,63,'vel',7190745,'1988-06-11 06:33:50','2020-03-11 16:09:16'),(120,1,66,'ipsam',64,'2000-02-25 06:12:20','2020-03-11 16:11:43'),(121,1,33,'excepturi',719,'2000-11-29 13:27:12','2020-03-11 16:11:43'),(122,1,67,'ipsum',403828,'2018-08-09 11:44:10','2020-03-11 16:11:43'),(123,2,88,'nulla',448,'1994-03-21 22:53:40','2020-03-11 16:17:55'),(124,1,36,'occaecati',316852817,'2004-03-07 13:34:20','2020-03-11 16:11:43'),(125,1,79,'ipsum',231,'1981-02-21 08:35:08','2020-03-11 16:17:55'),(126,2,10,'officiis',7351905,'2017-12-04 03:05:05','2020-03-11 16:09:16'),(127,2,31,'ut',885,'1990-04-20 13:01:10','2020-03-11 16:09:16'),(128,1,86,'earum',1490,'2011-03-02 18:35:55','2020-03-11 16:11:43'),(129,1,91,'excepturi',98422,'2013-02-26 12:15:47','2020-03-11 16:11:43'),(130,2,19,'assumenda',86132,'1984-02-04 19:02:41','2020-03-11 16:09:16'),(131,1,98,'voluptas',133776,'2018-11-28 07:30:44','2020-03-11 16:11:43'),(132,1,17,'autem',66,'1993-02-06 23:36:53','2020-03-11 16:11:43'),(133,2,55,'aut',9910629,'1989-11-04 15:59:14','2020-03-11 16:09:16'),(134,1,91,'atque',47362,'1982-01-08 22:15:00','2020-03-11 16:11:43'),(135,2,1,'dicta',4,'1998-07-15 10:11:42','2020-03-11 16:09:16'),(136,1,4,'dicta',26666,'2004-03-18 22:45:30','2020-03-11 16:11:43'),(137,2,92,'in',451098,'2012-11-26 23:48:44','2020-03-11 16:09:16'),(138,2,53,'quod',257,'2014-03-14 08:25:16','2020-03-11 16:14:14'),(139,2,77,'error',19804275,'1990-04-26 12:13:23','2020-03-11 16:09:16'),(140,2,55,'cumque',71182,'1990-04-21 06:01:02','2020-03-11 16:09:16'),(141,1,44,'voluptas',33156,'2005-06-09 20:53:08','2020-03-11 16:11:43'),(142,1,7,'enim',9,'2001-11-30 01:23:19','2020-03-11 16:11:43'),(143,2,52,'sit',856650843,'1976-08-06 16:02:41','2020-03-11 16:09:16'),(144,2,21,'fuga',8210,'1994-09-24 06:32:57','2020-03-11 16:09:16'),(145,1,3,'occaecati',88257,'2004-02-05 12:33:40','2020-03-11 16:11:43'),(146,1,93,'enim',41279599,'1995-05-18 18:47:03','2020-03-11 16:11:43'),(147,2,79,'quis',3852,'1972-06-12 15:17:26','2020-03-11 16:09:16'),(148,2,87,'ut',7494,'1975-02-04 21:01:23','2020-03-11 16:16:24'),(149,1,55,'eius',5,'1971-04-03 08:04:41','2020-03-11 16:11:43'),(150,2,52,'accusamus',8577962,'1987-10-23 13:36:47','2020-03-11 16:09:16'),(151,2,90,'qui',25843,'2015-01-27 13:05:07','2020-03-11 16:09:16'),(152,1,98,'sint',288321,'2015-04-26 21:59:46','2020-03-11 16:11:43'),(153,2,69,'neque',1307940,'1978-09-12 23:34:38','2020-03-11 16:09:16'),(154,2,69,'ullam',133,'1985-06-12 10:55:57','2020-03-11 16:09:16'),(155,1,22,'dolores',635143,'2015-03-27 13:39:41','2020-03-11 16:11:43'),(156,2,80,'qui',8,'1970-12-07 01:50:00','2020-03-11 16:09:16'),(157,2,62,'molestiae',718,'2019-07-19 10:01:40','2020-03-11 16:09:16'),(158,2,98,'cupiditate',10,'1971-02-23 14:53:00','2020-03-11 16:09:16'),(159,1,16,'quo',81090,'2008-05-07 20:37:12','2020-03-11 16:11:43'),(160,1,203,'aperiam',22040,'1994-06-12 02:45:19','2020-03-11 16:14:14'),(161,2,83,'ea',17542,'1992-04-10 23:53:36','2020-03-11 16:09:16'),(162,1,236,'velit',514148,'1982-11-06 09:30:43','2020-03-11 16:14:14'),(163,1,36,'ratione',74642,'1971-01-11 20:10:29','2020-03-11 16:11:43'),(164,2,84,'laudantium',5805329,'1986-10-21 10:51:22','2020-03-11 16:16:24'),(165,1,36,'esse',9,'2008-01-05 18:01:10','2020-03-11 16:11:43'),(166,1,71,'doloribus',9816,'1982-03-04 10:34:48','2020-03-11 16:11:43'),(167,2,69,'odio',9375154,'1994-03-11 09:31:49','2020-03-11 16:09:16'),(168,2,74,'voluptatem',88063472,'1999-04-25 20:49:16','2020-03-11 16:09:16'),(169,2,77,'deserunt',562469215,'1996-01-05 16:43:59','2020-03-11 16:09:16'),(170,2,14,'nemo',781,'1996-08-29 07:00:12','2020-03-11 16:09:16'),(171,2,50,'distinctio',4,'1984-09-09 13:09:19','2020-03-11 16:09:16'),(172,2,48,'id',7,'2002-12-07 11:51:27','2020-03-11 16:09:16'),(173,2,79,'ullam',6573283,'1977-08-25 20:07:25','2020-03-11 16:09:16'),(174,1,38,'qui',966233,'2016-03-02 15:27:47','2020-03-11 16:14:14'),(175,1,59,'quidem',808,'2009-01-09 20:32:56','2020-03-11 16:17:55'),(176,1,29,'eius',346,'1971-05-17 02:13:05','2020-03-11 16:17:55'),(177,2,32,'quasi',61,'2015-03-21 10:42:53','2020-03-11 16:09:16'),(178,1,6,'in',8848470,'1991-01-23 20:47:10','2020-03-11 16:11:43'),(179,1,44,'accusamus',7,'1987-12-21 01:11:02','2020-03-11 16:11:43'),(180,2,10,'sunt',12758,'2011-11-18 08:01:39','2020-03-11 16:09:16'),(181,2,37,'dolorem',307,'2017-09-08 18:04:08','2020-03-11 16:17:55'),(182,1,99,'ut',17,'1985-02-04 09:38:22','2020-03-11 16:11:43'),(183,2,78,'cum',80,'1978-03-24 02:33:38','2020-03-11 16:09:16'),(184,2,14,'aut',414,'2014-03-04 06:34:48','2020-03-11 16:09:16'),(185,2,7,'ipsum',298,'2019-05-14 15:08:38','2020-03-11 16:09:16'),(186,1,63,'perferendis',177242,'1970-11-18 08:32:21','2020-03-11 16:11:43'),(187,1,16,'laboriosam',35550698,'1998-10-19 05:10:56','2020-03-11 16:11:43'),(188,2,39,'ad',578051,'2009-04-03 01:04:19','2020-03-11 16:09:16'),(189,1,91,'qui',916330388,'2006-12-22 18:23:17','2020-03-11 16:11:43'),(190,1,349,'eaque',4,'1997-12-14 16:13:39','2020-03-11 16:14:14'),(191,2,34,'et',585,'1993-05-11 03:33:49','2020-03-11 16:09:16'),(192,2,84,'autem',72222,'2017-12-06 13:54:43','2020-03-11 16:09:16'),(193,2,29,'qui',59731,'2011-02-23 08:00:11','2020-03-11 16:09:16'),(194,2,61,'et',498,'1980-09-12 02:40:45','2020-03-11 16:17:55'),(195,2,52,'amet',14227,'2018-03-23 11:09:33','2020-03-11 16:09:16'),(196,2,60,'ut',567,'1988-11-27 05:37:04','2020-03-11 16:17:55'),(197,2,89,'molestiae',4115418,'1993-03-25 00:41:48','2020-03-11 16:09:16'),(198,2,50,'consequuntur',20190,'2010-01-22 12:11:32','2020-03-11 16:09:16'),(199,1,348,'molestias',2,'2002-08-10 05:03:42','2020-03-11 16:14:14'),(200,1,95,'doloribus',767094963,'1995-11-07 01:46:03','2020-03-11 16:11:43'),(201,2,34,'est',3,'1973-05-08 20:34:12','2020-03-11 16:09:16'),(202,1,85,'exercitationem',1,'2006-05-13 15:16:27','2020-03-11 16:11:43'),(203,2,49,'nemo',3244,'2017-09-14 07:06:25','2020-03-11 16:09:16'),(204,1,40,'laboriosam',939748,'1990-10-21 03:29:19','2020-03-11 16:11:43'),(205,2,68,'maxime',168519,'1979-08-27 23:50:03','2020-03-11 16:09:16'),(206,2,10,'ab',66,'2019-07-12 15:19:09','2020-03-11 16:09:16'),(207,1,340,'corporis',340,'2002-10-25 16:04:48','2020-03-11 16:17:55'),(208,1,88,'et',4412253,'2012-08-26 12:37:12','2020-03-11 16:11:43'),(209,2,86,'voluptate',1927,'1984-03-04 04:16:39','2020-03-11 16:09:16'),(210,2,75,'delectus',78200064,'1984-03-15 08:54:24','2020-03-11 16:09:16'),(211,1,16,'rerum',7798839,'2010-01-25 19:33:59','2020-03-11 16:11:43'),(212,1,16,'est',1000,'2009-12-09 16:50:55','2020-03-11 16:17:55'),(213,2,42,'aut',58856,'2011-10-17 17:36:49','2020-03-11 16:16:24'),(214,2,43,'harum',41,'2013-05-04 00:18:11','2020-03-11 16:09:16'),(215,1,31,'dolorem',246921,'1973-03-28 23:30:27','2020-03-11 16:11:43'),(216,2,35,'eum',977,'1983-03-03 10:17:08','2020-03-11 16:17:55'),(217,2,67,'illum',626,'2019-09-25 08:59:54','2020-03-11 16:09:16'),(218,2,42,'debitis',887,'2004-09-09 07:56:36','2020-03-11 16:17:55'),(219,1,6,'aut',2110503,'1978-07-19 01:31:33','2020-03-11 16:11:43'),(220,1,37,'numquam',11673330,'1976-03-02 20:49:15','2020-03-11 16:11:43'),(221,2,27,'nam',2120,'1980-01-06 03:38:53','2020-03-11 16:09:16'),(222,1,160,'molestias',756581675,'1997-10-27 13:57:34','2020-03-11 16:14:14'),(223,1,231,'quasi',707572,'2018-12-15 13:12:43','2020-03-11 16:14:14'),(224,2,35,'recusandae',1,'1982-07-13 04:28:47','2020-03-11 16:09:16'),(225,2,73,'eveniet',503,'2011-03-25 10:45:40','2020-03-11 16:17:55'),(226,1,78,'voluptatum',853,'1994-07-16 13:25:25','2020-03-11 16:17:55'),(227,2,88,'consequatur',882341631,'1979-10-12 10:44:06','2020-03-11 16:09:16'),(228,2,25,'quia',691059,'1994-04-17 22:53:01','2020-03-11 16:09:16'),(229,1,44,'magnam',14547,'1984-05-10 05:53:28','2020-03-11 16:11:43'),(230,1,88,'quidem',11432462,'1992-01-03 16:42:53','2020-03-11 16:11:43'),(231,2,57,'distinctio',84212682,'1973-01-27 17:35:00','2020-03-11 16:09:16'),(232,2,5,'doloremque',45,'1982-09-20 14:05:18','2020-03-11 16:09:16'),(233,1,324,'est',21,'1975-02-02 12:32:16','2020-03-11 16:14:14'),(234,1,73,'fuga',739066673,'1994-05-16 03:49:48','2020-03-11 16:11:43'),(235,2,92,'aut',881556,'2004-11-12 04:17:34','2020-03-11 16:09:16'),(236,1,42,'dolore',33,'1974-06-17 06:31:47','2020-03-11 16:11:43'),(237,2,88,'accusantium',832,'1991-04-11 13:16:04','2020-03-11 16:09:16'),(238,1,90,'fugiat',270094457,'2017-06-24 21:01:59','2020-03-11 16:11:43'),(239,2,83,'quasi',934,'1995-05-28 03:13:56','2020-03-11 16:09:16'),(240,1,24,'eum',754,'1999-10-09 15:12:17','2020-03-11 16:17:55'),(241,2,59,'odio',1479441,'1995-12-08 00:17:44','2020-03-11 16:09:16'),(242,1,51,'animi',67648,'1992-06-24 01:05:37','2020-03-11 16:11:43'),(243,2,56,'esse',192893732,'2002-02-16 17:12:18','2020-03-11 16:09:16'),(244,1,81,'rem',26707,'1981-05-22 23:35:10','2020-03-11 16:11:43'),(245,2,10,'dignissimos',210,'2002-11-26 15:11:39','2020-03-11 16:17:55'),(246,2,20,'voluptate',962822306,'2001-02-09 11:28:28','2020-03-11 16:09:16'),(247,1,50,'iure',17988,'1986-09-06 09:11:03','2020-03-11 16:11:43'),(248,1,225,'voluptate',511,'1973-10-21 13:41:44','2020-03-11 16:14:14'),(249,1,87,'eos',787,'1990-02-11 12:42:49','2020-03-11 16:17:55'),(250,2,72,'pariatur',304,'1974-02-19 02:45:57','2020-03-11 16:17:55'),(251,2,96,'officiis',364208881,'1975-09-14 11:57:50','2020-03-11 16:09:16'),(252,1,14,'labore',220729270,'1975-09-09 04:52:53','2020-03-11 16:11:43'),(253,2,2,'consequatur',518,'2007-10-27 11:11:36','2020-03-11 16:09:16'),(254,1,7,'vero',1,'1993-11-10 13:24:33','2020-03-11 16:11:43'),(255,2,19,'qui',384,'1989-01-10 15:41:51','2020-03-11 16:09:16'),(256,1,93,'culpa',5819,'1998-11-26 10:42:02','2020-03-11 16:11:43'),(257,2,39,'velit',4930,'2015-12-05 12:37:58','2020-03-11 16:09:16'),(258,1,43,'ut',685241406,'1999-09-13 18:05:05','2020-03-11 16:11:43'),(259,2,98,'doloremque',687128738,'2009-01-29 20:43:04','2020-03-11 16:09:16'),(260,1,34,'amet',34808112,'2002-02-04 22:11:29','2020-03-11 16:11:43'),(261,2,56,'sequi',161,'2013-07-13 03:45:55','2020-03-11 16:17:55'),(262,2,9,'fuga',253833,'2017-08-02 04:49:07','2020-03-11 16:09:16'),(263,2,84,'sunt',6635992,'1986-07-02 20:39:15','2020-03-11 16:09:16'),(264,1,155,'deleniti',5285,'1974-06-10 19:39:52','2020-03-11 16:14:14'),(265,2,98,'eveniet',11,'2008-04-03 11:36:32','2020-03-11 16:14:14'),(266,2,4,'voluptatum',8611960,'1998-09-02 15:27:21','2020-03-11 16:09:16'),(267,2,92,'ipsum',2337543,'1982-05-07 09:05:12','2020-03-11 16:09:16'),(268,1,3,'et',206938530,'1993-06-16 10:13:17','2020-03-11 16:11:43'),(269,2,23,'consectetur',29460,'1997-08-28 07:24:45','2020-03-11 16:14:14'),(270,1,92,'non',626,'1994-12-12 11:39:07','2020-03-11 16:11:43'),(271,2,68,'esse',12110065,'2000-08-02 13:51:51','2020-03-11 16:09:16'),(272,2,96,'placeat',184027,'1983-12-15 22:37:22','2020-03-11 16:09:16'),(273,2,59,'voluptatem',4645,'2003-03-14 19:35:29','2020-03-11 16:09:16'),(274,1,48,'labore',892,'1974-08-23 16:38:17','2020-03-11 16:17:55'),(275,1,67,'repudiandae',1,'2014-01-31 09:25:08','2020-03-11 16:11:43'),(276,2,73,'pariatur',976,'1978-09-19 09:37:57','2020-03-11 16:17:55'),(277,2,22,'omnis',3368,'1993-11-27 21:02:00','2020-03-11 16:09:16'),(278,1,89,'repellendus',202,'2001-02-18 01:51:15','2020-03-11 16:17:55'),(279,1,46,'et',69,'2016-06-03 15:04:05','2020-03-11 16:11:43'),(280,2,46,'eos',83,'2019-08-07 23:14:55','2020-03-11 16:17:55'),(281,1,59,'earum',2955698,'1995-07-28 05:30:21','2020-03-11 16:11:43'),(282,2,33,'vero',651303,'1983-03-07 21:45:30','2020-03-11 16:16:24'),(283,2,3,'perferendis',5081,'1994-06-15 11:10:12','2020-03-11 16:09:16'),(284,2,61,'quidem',807,'1985-06-23 01:50:17','2020-03-11 16:17:55'),(285,2,94,'illo',8963,'1980-04-12 18:59:43','2020-03-11 16:09:16'),(286,2,54,'qui',557535,'1989-07-16 02:07:17','2020-03-11 16:09:16'),(287,1,60,'autem',620682,'2012-10-20 08:40:22','2020-03-11 16:11:43'),(288,1,19,'natus',197686,'2015-04-26 08:09:33','2020-03-11 16:11:43'),(289,2,19,'beatae',376149866,'1982-09-23 14:25:48','2020-03-11 16:09:16'),(290,2,9,'consequuntur',6,'2004-11-10 13:08:14','2020-03-11 16:09:16'),(291,1,97,'sunt',100395,'1989-11-01 13:13:09','2020-03-11 16:14:14'),(292,1,19,'et',7,'2016-12-24 17:54:39','2020-03-11 16:11:43'),(293,2,3,'ut',60602593,'2008-08-10 04:21:48','2020-03-11 16:09:16'),(294,1,48,'ex',786,'2002-09-21 03:27:54','2020-03-11 16:17:55'),(295,2,42,'dignissimos',510,'1975-10-04 13:47:17','2020-03-11 16:17:55'),(296,2,87,'eum',191,'2016-12-10 12:28:32','2020-03-11 16:17:55'),(297,2,25,'similique',425,'2002-10-17 03:55:09','2020-03-11 16:17:55'),(298,2,30,'omnis',54348008,'1981-10-30 09:40:10','2020-03-11 16:09:16'),(299,2,38,'beatae',328,'2010-03-18 15:21:39','2020-03-11 16:16:24'),(300,2,73,'ut',6,'1989-11-08 00:07:46','2020-03-11 16:09:16'),(301,1,228,'aut',64540609,'2003-03-10 21:11:45','2020-03-11 16:14:14'),(302,1,68,'tempora',8,'2003-05-30 16:07:53','2020-03-11 16:11:43'),(303,1,92,'labore',13,'2006-07-15 19:41:44','2020-03-11 16:11:43'),(304,2,81,'nihil',203656,'1980-03-12 18:00:17','2020-03-11 16:09:16'),(305,1,56,'eum',1794,'1995-01-05 16:47:50','2020-03-11 16:11:43'),(306,1,4,'voluptate',53164876,'1990-02-17 06:12:57','2020-03-11 16:11:43'),(307,1,50,'atque',87107,'1993-01-31 05:18:44','2020-03-11 16:11:43'),(308,2,60,'maiores',38899,'1985-11-07 01:38:18','2020-03-11 16:09:16'),(309,2,76,'facere',825,'1988-01-22 18:50:40','2020-03-11 16:09:16'),(310,2,35,'provident',4,'1993-11-20 22:11:01','2020-03-11 16:09:16'),(311,2,29,'ut',2627548,'2010-01-02 21:42:43','2020-03-11 16:09:16'),(312,2,90,'recusandae',6731244,'2009-01-18 13:21:28','2020-03-11 16:16:24'),(313,2,47,'et',187,'1981-12-17 17:03:03','2020-03-11 16:09:16'),(314,1,312,'sint',426211248,'1996-01-10 13:04:14','2020-03-11 16:14:14'),(315,1,260,'laborum',9402,'2011-01-23 19:41:27','2020-03-11 16:14:14'),(316,2,13,'non',47333918,'2010-03-03 15:20:44','2020-03-11 16:14:14'),(317,2,36,'numquam',882666301,'1985-11-26 17:22:25','2020-03-11 16:16:24'),(318,1,89,'soluta',7341853,'2008-04-24 08:10:29','2020-03-11 16:11:43'),(319,1,20,'quia',17,'1979-10-17 03:44:10','2020-03-11 16:11:43'),(320,1,36,'aut',771816530,'1980-06-06 10:38:14','2020-03-11 16:11:43'),(321,1,16,'reiciendis',69099,'1976-03-27 03:35:47','2020-03-11 16:11:43'),(322,1,73,'sint',785801673,'1984-06-02 09:51:53','2020-03-11 16:11:43'),(323,1,16,'repellendus',52,'2012-11-02 00:50:20','2020-03-11 16:11:43'),(324,1,61,'labore',8681415,'1986-08-18 17:30:26','2020-03-11 16:11:43'),(325,1,56,'at',552,'1986-05-20 12:35:36','2020-03-11 16:17:55'),(326,1,99,'provident',2688,'2004-05-24 05:53:05','2020-03-11 16:11:43'),(327,1,23,'corporis',12796119,'1996-05-14 02:37:43','2020-03-11 16:11:43'),(328,2,63,'quae',858,'1989-03-12 04:21:02','2020-03-11 16:09:16'),(329,2,72,'quaerat',3729,'2019-03-08 07:39:11','2020-03-11 16:09:16'),(330,2,72,'eum',58310823,'1970-12-29 19:07:38','2020-03-11 16:09:16'),(331,1,20,'similique',485,'1993-04-28 11:47:27','2020-03-11 16:17:55'),(332,1,31,'tempore',5,'1976-08-18 12:53:08','2020-03-11 16:11:43'),(333,2,86,'ratione',43,'1983-10-06 21:11:16','2020-03-11 16:09:16'),(334,2,94,'ut',9828089,'1973-10-06 18:54:25','2020-03-11 16:09:16'),(335,1,93,'laudantium',770,'1992-03-02 13:24:04','2020-03-11 16:17:55'),(336,1,74,'odit',391,'1996-06-12 05:05:53','2020-03-11 16:17:55'),(337,1,89,'ut',692985,'1996-12-02 03:53:18','2020-03-11 16:11:43'),(338,2,53,'at',383473431,'1986-05-25 22:19:01','2020-03-11 16:09:16'),(339,1,22,'nisi',88582384,'1992-04-29 17:19:59','2020-03-11 16:11:43'),(340,2,8,'molestias',852075706,'1989-06-29 13:17:54','2020-03-11 16:16:24'),(341,2,84,'qui',886,'2020-01-29 02:08:56','2020-03-11 16:09:16'),(342,1,43,'est',371,'1988-03-10 21:48:52','2020-03-11 16:11:43'),(343,1,48,'animi',6508,'1976-10-29 20:15:04','2020-03-11 16:11:43'),(344,1,11,'fugit',8,'1991-09-08 00:37:43','2020-03-11 16:11:43'),(345,2,11,'expedita',614,'1979-08-16 13:10:36','2020-03-11 16:09:16'),(346,2,71,'voluptatem',512903219,'2006-01-25 13:28:36','2020-03-11 16:09:16'),(347,2,3,'totam',36752772,'1970-11-14 04:41:37','2020-03-11 16:09:16'),(348,1,10,'dolores',88499,'2007-08-01 03:40:28','2020-03-11 16:11:43'),(349,2,34,'necessitatibus',645,'2014-12-21 06:28:42','2020-03-11 16:17:55'),(350,2,47,'earum',348587,'1991-11-13 17:41:00','2020-03-11 16:16:24'),(351,1,305,'libero',324383,'2001-07-20 22:41:51','2020-03-11 16:14:14'),(352,1,46,'illum',869,'1979-04-14 13:34:10','2020-03-11 16:11:43'),(353,2,33,'mollitia',7,'1981-10-24 18:25:11','2020-03-11 16:09:16'),(354,1,83,'cumque',52622,'2015-08-17 13:58:53','2020-03-11 16:11:43'),(355,2,42,'ex',8,'1976-04-30 10:41:38','2020-03-11 16:09:16'),(356,1,77,'libero',31564912,'1980-01-15 00:59:28','2020-03-11 16:11:43'),(357,1,35,'ipsam',249314363,'1976-01-29 21:22:08','2020-03-11 16:11:43'),(358,1,43,'eveniet',284252236,'2007-09-16 14:34:38','2020-03-11 16:11:43'),(359,1,11,'repellendus',51,'2000-12-23 06:33:02','2020-03-11 16:17:55'),(360,2,87,'magni',71206118,'1989-09-29 14:03:51','2020-03-11 16:09:16'),(361,1,23,'minima',1252,'2020-02-11 13:48:17','2020-03-11 16:11:43'),(362,2,99,'rerum',159637,'1976-06-08 13:12:16','2020-03-11 16:09:16'),(363,1,83,'harum',6153,'1977-12-03 04:07:07','2020-03-11 16:11:43'),(364,1,47,'voluptatem',316251,'1996-11-04 12:01:03','2020-03-11 16:11:43'),(365,1,84,'rerum',6475,'2017-11-01 17:21:24','2020-03-11 16:11:43'),(366,2,51,'velit',8960,'2019-07-05 16:09:09','2020-03-11 16:09:16'),(367,1,80,'illum',4,'2010-02-16 00:48:58','2020-03-11 16:11:43'),(368,1,48,'adipisci',448913218,'2013-01-22 13:18:09','2020-03-11 16:11:43'),(369,2,31,'quasi',593693004,'2000-08-02 17:52:41','2020-03-11 16:09:16'),(370,1,98,'et',31,'1988-01-13 06:32:54','2020-03-11 16:11:43'),(371,1,46,'dolorem',72,'2019-06-21 01:10:52','2020-03-11 16:11:43'),(372,1,37,'ut',64,'2010-10-09 17:31:22','2020-03-11 16:11:43'),(373,1,44,'veniam',283383,'1983-05-31 00:36:18','2020-03-11 16:11:43'),(374,2,89,'qui',3932,'2019-03-24 18:03:14','2020-03-11 16:09:16'),(375,1,188,'delectus',321,'1996-05-16 14:21:48','2020-03-11 16:17:55'),(376,1,24,'delectus',879,'1983-03-18 02:40:56','2020-03-11 16:11:43'),(377,1,85,'ut',88,'1987-02-09 06:33:38','2020-03-11 16:11:43'),(378,1,53,'minima',2,'1984-08-24 10:19:07','2020-03-11 16:11:43'),(379,2,20,'vitae',9248386,'1984-08-14 17:25:13','2020-03-11 16:09:16'),(380,2,26,'ut',279302643,'2000-10-15 17:40:13','2020-03-11 16:09:16'),(381,2,25,'quisquam',451,'1972-06-19 05:24:32','2020-03-11 16:17:55'),(382,1,26,'corporis',9,'1977-07-04 12:32:41','2020-03-11 16:14:14'),(383,1,81,'ad',85361038,'1994-04-15 05:00:03','2020-03-11 16:11:43'),(384,1,266,'dignissimos',7,'1990-07-27 12:12:56','2020-03-11 16:14:14'),(385,1,67,'praesentium',43,'1971-04-28 02:33:26','2020-03-11 16:11:43'),(386,1,86,'velit',4,'1985-12-28 14:00:05','2020-03-11 16:11:43'),(387,1,30,'esse',8551900,'2016-12-11 22:13:04','2020-03-11 16:11:43'),(388,2,85,'iste',4,'1997-01-12 03:36:07','2020-03-11 16:09:16'),(389,1,93,'et',9819164,'1988-11-29 02:07:31','2020-03-11 16:11:43'),(390,2,5,'optio',7441324,'1976-11-30 02:56:41','2020-03-11 16:09:16'),(391,2,90,'dolores',432444553,'1983-04-29 11:47:22','2020-03-11 16:09:16'),(392,2,29,'consectetur',5,'1999-03-08 18:23:19','2020-03-11 16:16:24'),(393,1,71,'ea',293,'1985-04-30 20:19:31','2020-03-11 16:17:55'),(394,1,78,'repellendus',9386174,'2013-04-06 01:08:39','2020-03-11 16:11:43'),(395,1,78,'quo',732,'2012-05-29 21:30:52','2020-03-11 16:11:43'),(396,1,53,'eligendi',176965072,'1973-11-05 08:51:57','2020-03-11 16:11:43'),(397,2,93,'pariatur',8,'1973-01-27 12:38:18','2020-03-11 16:09:16'),(398,1,31,'ducimus',4024,'2005-05-14 05:59:42','2020-03-11 16:11:43'),(399,1,195,'qui',8916838,'1972-09-25 01:25:51','2020-03-11 16:14:14'),(400,1,92,'expedita',56,'1970-10-24 11:11:14','2020-03-11 16:11:43'),(401,1,66,'aliquam',214941119,'1998-01-04 23:14:01','2020-03-11 16:11:43'),(402,2,7,'rerum',28546841,'1999-09-19 13:14:12','2020-03-11 16:09:16'),(403,1,54,'nemo',209196,'1991-03-16 12:17:51','2020-03-11 16:11:43'),(404,2,37,'sunt',6199,'2010-07-31 14:59:32','2020-03-11 16:09:16'),(405,2,74,'voluptas',969,'1981-10-04 02:15:24','2020-03-11 16:09:16'),(406,2,40,'ut',368,'1984-06-09 23:37:02','2020-03-11 16:09:16'),(407,1,72,'veniam',250199,'1980-01-29 15:39:22','2020-03-11 16:11:43'),(408,2,61,'qui',410917386,'2009-12-23 11:14:12','2020-03-11 16:09:16'),(409,2,81,'est',3,'2015-06-23 11:53:39','2020-03-11 16:09:16'),(410,2,30,'quia',87,'1974-05-04 04:50:20','2020-03-11 16:14:14'),(411,1,95,'aut',175692808,'2018-05-25 15:16:54','2020-03-11 16:11:43'),(412,2,39,'laudantium',56750712,'1995-07-12 11:50:22','2020-03-11 16:09:16'),(413,1,62,'laborum',7864,'1983-05-01 12:02:08','2020-03-11 16:11:43'),(414,1,23,'excepturi',485294651,'1972-10-15 07:38:23','2020-03-11 16:11:43'),(415,2,98,'aut',38,'2013-08-07 10:02:09','2020-03-11 16:09:16'),(416,1,29,'dignissimos',8,'2019-01-31 12:07:23','2020-03-11 16:11:43'),(417,2,95,'unde',2,'1998-03-11 13:24:42','2020-03-11 16:09:16'),(418,2,23,'aut',8501,'2000-06-14 21:09:35','2020-03-11 16:09:16'),(419,2,78,'totam',112,'2004-09-19 20:23:58','2020-03-11 16:17:55'),(420,2,21,'exercitationem',678,'2014-07-16 03:09:29','2020-03-11 16:17:55'),(421,1,77,'beatae',49325,'1990-06-24 19:40:33','2020-03-11 16:11:43'),(422,1,98,'eos',347396,'1970-03-14 11:51:15','2020-03-11 16:11:43'),(423,2,3,'deleniti',45,'1999-10-13 19:51:51','2020-03-11 16:16:24'),(424,1,55,'aut',4155,'2017-10-02 18:19:24','2020-03-11 16:11:43'),(425,1,83,'natus',4,'2003-12-28 07:34:29','2020-03-11 16:11:43'),(426,2,55,'repellat',51375,'2009-01-05 22:52:53','2020-03-11 16:09:16'),(427,2,36,'dolore',3,'1982-12-29 06:20:10','2020-03-11 16:09:16'),(428,1,50,'et',1061607,'1978-12-29 16:10:11','2020-03-11 16:11:43'),(429,1,99,'quas',7895,'1983-08-06 11:20:31','2020-03-11 16:11:43'),(430,2,58,'sed',39256,'1987-11-05 22:13:21','2020-03-11 16:09:16'),(431,2,46,'consequatur',941276685,'2003-01-07 11:34:29','2020-03-11 16:09:16'),(432,2,26,'consequatur',65040,'1973-04-16 20:45:31','2020-03-11 16:09:16'),(433,1,44,'ab',662,'1984-05-24 01:38:44','2020-03-11 16:11:43'),(434,2,78,'eos',2,'1999-09-20 07:42:34','2020-03-11 16:09:16'),(435,2,3,'illum',4,'1981-02-27 05:24:46','2020-03-11 16:09:16'),(436,1,23,'culpa',85,'1970-12-14 01:34:49','2020-03-11 16:11:43'),(437,1,176,'impedit',1176,'1996-08-07 03:04:47','2020-03-11 16:14:14'),(438,1,42,'libero',9252,'1972-12-05 21:54:28','2020-03-11 16:11:43'),(439,1,63,'deleniti',342,'1981-05-13 15:01:26','2020-03-11 16:11:43'),(440,1,89,'pariatur',9874686,'1992-09-09 20:27:28','2020-03-11 16:11:43'),(441,2,27,'omnis',6,'1999-07-06 16:03:01','2020-03-11 16:09:16'),(442,2,98,'quam',75,'2005-02-05 19:46:43','2020-03-11 16:09:16'),(443,2,70,'ut',55,'1977-05-30 01:19:35','2020-03-11 16:17:55'),(444,2,81,'ab',1144904,'1971-05-03 12:48:50','2020-03-11 16:09:16'),(445,2,36,'quidem',382,'2015-02-23 02:18:51','2020-03-11 16:09:16'),(446,2,28,'provident',2,'1993-05-08 10:01:46','2020-03-11 16:09:16'),(447,1,55,'aut',2453,'2004-07-16 11:51:18','2020-03-11 16:11:43'),(448,1,6,'quod',2341,'1981-06-21 01:45:19','2020-03-11 16:11:43'),(449,2,40,'qui',960126,'2010-05-09 05:45:02','2020-03-11 16:09:16'),(450,1,92,'non',213365526,'2003-07-07 15:15:39','2020-03-11 16:14:14'),(451,1,4,'earum',886338024,'2017-08-05 06:59:28','2020-03-11 16:11:43'),(452,1,28,'enim',108384768,'1984-06-15 01:08:49','2020-03-11 16:11:43'),(453,2,14,'incidunt',295924,'1984-02-06 23:07:19','2020-03-11 16:09:16'),(454,2,71,'omnis',63174068,'1999-03-06 18:03:40','2020-03-11 16:09:16'),(455,2,91,'saepe',7,'2011-03-17 05:52:42','2020-03-11 16:09:16'),(456,1,27,'velit',241,'1992-06-14 21:57:02','2020-03-11 16:17:55'),(457,1,51,'molestias',7513008,'1991-10-22 04:21:02','2020-03-11 16:11:43'),(458,2,59,'voluptas',464768827,'1978-12-31 16:26:01','2020-03-11 16:09:16'),(459,2,50,'sed',1375206,'1999-09-09 05:10:04','2020-03-11 16:09:16'),(460,2,60,'possimus',46532893,'2016-12-19 06:40:18','2020-03-11 16:09:16'),(461,1,74,'maxime',537,'1981-06-12 01:08:50','2020-03-11 16:11:43'),(462,1,17,'et',38,'2005-12-30 13:38:39','2020-03-11 16:17:55'),(463,1,60,'atque',89381728,'1992-09-13 15:32:08','2020-03-11 16:11:43'),(464,1,48,'illum',954408,'2018-07-12 05:46:41','2020-03-11 16:11:43'),(465,1,60,'impedit',9832125,'1985-04-16 11:51:55','2020-03-11 16:11:43'),(466,2,77,'temporibus',21965967,'2015-12-05 20:20:35','2020-03-11 16:09:16'),(467,2,7,'explicabo',5,'2017-09-29 17:54:15','2020-03-11 16:09:16'),(468,1,55,'distinctio',12,'2001-03-21 17:59:48','2020-03-11 16:11:43'),(469,2,46,'vitae',3664,'2015-05-17 12:20:41','2020-03-11 16:09:16'),(470,2,100,'occaecati',61,'2012-06-29 02:08:17','2020-03-11 16:09:16'),(471,1,279,'necessitatibus',9683,'2010-04-28 12:39:29','2020-03-11 16:14:14'),(472,2,30,'at',2,'1971-04-14 11:08:07','2020-03-11 16:09:16'),(473,1,19,'neque',4,'1982-09-05 09:47:07','2020-03-11 16:11:43'),(474,1,2,'voluptatem',467,'2017-08-09 18:23:13','2020-03-11 16:17:55'),(475,1,51,'architecto',923962,'2002-05-06 00:41:23','2020-03-11 16:11:43'),(476,1,52,'doloribus',36663741,'1974-03-20 16:19:38','2020-03-11 16:11:43'),(477,2,99,'magnam',1,'1972-02-28 17:17:40','2020-03-11 16:09:16'),(478,2,34,'explicabo',223,'2002-10-09 17:05:06','2020-03-11 16:17:55'),(479,2,17,'esse',791,'1993-01-08 01:54:20','2020-03-11 16:09:16'),(480,2,70,'dolore',6101529,'2013-02-03 20:23:37','2020-03-11 16:14:14'),(481,2,44,'cumque',46723,'2018-04-09 05:14:52','2020-03-11 16:09:16'),(482,2,81,'delectus',8546473,'2000-07-13 13:16:43','2020-03-11 16:09:16'),(483,2,2,'adipisci',8066757,'2000-05-09 21:45:17','2020-03-11 16:09:16'),(484,1,4,'et',6232,'1985-09-12 04:37:11','2020-03-11 16:11:43'),(485,2,42,'eveniet',966038,'1993-06-21 00:17:36','2020-03-11 16:09:16'),(486,1,66,'doloribus',9332608,'1970-12-18 16:50:19','2020-03-11 16:11:43'),(487,2,30,'aut',710,'2002-06-03 23:39:45','2020-03-11 16:17:55'),(488,1,18,'voluptates',7145,'2001-12-20 23:02:50','2020-03-11 16:11:43'),(489,1,89,'labore',783708465,'2014-02-05 19:49:24','2020-03-11 16:11:43'),(490,1,93,'facilis',3637088,'1992-01-24 10:53:49','2020-03-11 16:11:43'),(491,1,98,'in',64573,'2009-01-16 11:38:10','2020-03-11 16:11:43'),(492,2,70,'occaecati',446351851,'1995-03-08 03:11:49','2020-03-11 16:09:16'),(493,2,86,'et',881,'2010-03-04 10:32:09','2020-03-11 16:17:55'),(494,1,9,'est',99833,'2003-01-19 08:11:22','2020-03-11 16:11:43'),(495,1,51,'aut',6389553,'2016-08-28 03:21:50','2020-03-11 16:11:43'),(496,1,27,'rerum',274,'1986-12-21 14:56:48','2020-03-11 16:17:55'),(497,1,83,'sed',7951,'2012-07-13 07:50:46','2020-03-11 16:11:43'),(498,1,31,'aut',1773245,'2016-08-31 01:51:10','2020-03-11 16:11:43'),(499,1,5,'eum',2028,'2007-02-03 12:05:15','2020-03-11 16:11:43'),(500,2,38,'aliquid',1511627,'2003-12-23 20:02:19','2020-03-11 16:16:24');
/*!40000 ALTER TABLE `photos_users_apartments` ENABLE KEYS */;
UNLOCK TABLES;

--
-- Table structure for table `profiles_guests`
--

DROP TABLE IF EXISTS `profiles_guests`;
/*!40101 SET @saved_cs_client     = @@character_set_client */;
/*!50503 SET character_set_client = utf8mb4 */;
CREATE TABLE `profiles_guests` (
  `guest_id` int unsigned NOT NULL,
  `profile_confirmation` tinyint(1) DEFAULT NULL,
  PRIMARY KEY (`guest_id`),
  CONSTRAINT `profiles_guests_guest_id_fk` FOREIGN KEY (`guest_id`) REFERENCES `users` (`id`) ON DELETE CASCADE
) ENGINE=InnoDB DEFAULT CHARSET=utf8 COLLATE=utf8_unicode_ci;
/*!40101 SET character_set_client = @saved_cs_client */;

--
-- Dumping data for table `profiles_guests`
--

LOCK TABLES `profiles_guests` WRITE;
/*!40000 ALTER TABLE `profiles_guests` DISABLE KEYS */;
INSERT INTO `profiles_guests` VALUES (101,0),(102,1),(103,0),(104,0),(105,1),(106,0),(107,0),(108,1),(109,1),(110,1),(111,1),(112,1),(113,0),(114,1),(115,0),(116,1),(117,1),(118,0),(119,0),(120,0),(121,0),(122,1),(123,0),(124,0),(125,1),(126,0),(127,0),(128,1),(129,1),(130,1),(131,0),(132,1),(133,1),(134,1),(135,0),(136,1),(137,0),(138,0),(139,0),(140,0),(141,0),(142,0),(143,1),(144,0),(145,0),(146,0),(147,0),(148,1),(149,0),(150,1),(151,1),(152,1),(153,1),(154,1),(155,0),(156,0),(157,0),(158,1),(159,1),(160,0),(161,1),(162,0),(163,0),(164,0),(165,1),(166,1),(167,0),(168,1),(169,1),(170,1),(171,0),(172,0),(173,0),(174,1),(175,0),(176,1),(177,0),(178,0),(179,1),(180,0),(181,1),(182,1),(183,0),(184,0),(185,1),(186,0),(187,0),(188,1),(189,1),(190,0),(191,0),(192,1),(193,0),(194,1),(195,0),(196,0),(197,0),(198,0),(199,1),(200,1),(201,0),(202,1),(203,1),(204,1),(205,1),(206,1),(207,0),(208,1),(209,1),(210,1),(211,1),(212,0),(213,0),(214,1),(215,0),(216,0),(217,1),(218,0),(219,0),(220,1),(221,0),(222,0),(223,1),(224,0),(225,0),(226,1),(227,0),(228,1),(229,0),(230,0),(231,0),(232,1),(233,0),(234,0),(235,0),(236,1),(237,0),(238,1),(239,1),(240,1),(241,1),(242,0),(243,1),(244,0),(245,1),(246,0),(247,1),(248,1),(249,1),(250,1),(251,0),(252,0),(253,1),(254,0),(255,0),(256,1),(257,1),(258,0),(259,0),(260,0),(261,0),(262,0),(263,1),(264,1),(265,1),(266,1),(267,0),(268,1),(269,0),(270,1),(271,1),(272,1),(273,0),(274,0),(275,0),(276,1),(277,1),(278,1),(279,1),(280,1),(281,0),(282,0),(283,0),(284,0),(285,0),(286,0),(287,1),(288,1),(289,0),(290,1),(291,1),(292,1),(293,0),(294,1),(295,0),(296,1),(297,1),(298,0),(299,1),(300,1),(301,0),(302,1),(303,0),(304,1),(305,1),(306,1),(307,0),(308,1),(309,1),(310,1),(311,1),(312,0),(313,1),(314,0),(315,0),(316,1),(317,1),(318,1),(319,1),(320,1),(321,1),(322,0),(323,1),(324,0),(325,0),(326,0),(327,0),(328,0),(329,0),(330,0),(331,1),(332,1),(333,1),(334,0),(335,1),(336,1),(337,1),(338,1),(339,1),(340,0),(341,1),(342,0),(343,1),(344,1),(345,1),(346,0),(347,1),(348,1),(349,0),(350,1),(351,1),(352,0),(353,0),(354,1),(355,0),(356,0),(357,0),(358,1),(359,1),(360,1),(361,1),(362,1),(363,0),(364,0),(365,1),(366,1),(367,0),(368,1),(369,0),(370,0),(371,1),(372,1),(373,1),(374,0),(375,1),(376,1),(377,1),(378,0),(379,0),(380,1),(381,1),(382,0),(383,0),(384,1),(385,1),(386,0),(387,0),(388,1),(389,1),(390,0),(391,0),(392,0),(393,1),(394,1),(395,1),(396,1),(397,1),(398,1),(399,1),(400,0);
/*!40000 ALTER TABLE `profiles_guests` ENABLE KEYS */;
UNLOCK TABLES;

--
-- Table structure for table `profiles_hosts`
--

DROP TABLE IF EXISTS `profiles_hosts`;
/*!40101 SET @saved_cs_client     = @@character_set_client */;
/*!50503 SET character_set_client = utf8mb4 */;
CREATE TABLE `profiles_hosts` (
  `host_id` int unsigned NOT NULL,
  `apartment_id` int unsigned NOT NULL,
  `overall_rating` int unsigned DEFAULT NULL,
  `reviews_views_quantity` int unsigned DEFAULT NULL,
  `earnings_month` int unsigned DEFAULT NULL,
  `views_quantity` int unsigned DEFAULT NULL,
  `response_rate` int unsigned DEFAULT NULL,
  `profile_confirmation` tinyint(1) DEFAULT NULL,
  `is_superhost` tinyint(1) DEFAULT NULL,
  PRIMARY KEY (`host_id`),
  KEY `profiles_hosts_apartment_id_fk` (`apartment_id`),
  KEY `profiles_hosts_host_id_is_superhost_idx` (`host_id`,`is_superhost`),
  KEY `profiles_hosts_host_id_apartment_id_idx` (`host_id`,`apartment_id`),
  CONSTRAINT `profiles_hosts_apartment_id_fk` FOREIGN KEY (`apartment_id`) REFERENCES `apartments` (`id`) ON DELETE CASCADE,
  CONSTRAINT `profiles_hosts_host_id_fk` FOREIGN KEY (`host_id`) REFERENCES `users` (`id`) ON DELETE CASCADE
) ENGINE=InnoDB DEFAULT CHARSET=utf8 COLLATE=utf8_unicode_ci;
/*!40101 SET character_set_client = @saved_cs_client */;

--
-- Dumping data for table `profiles_hosts`
--

LOCK TABLES `profiles_hosts` WRITE;
/*!40000 ALTER TABLE `profiles_hosts` DISABLE KEYS */;
INSERT INTO `profiles_hosts` VALUES (1,94,4,786,6998,1192,18,1,0),(2,14,3,115,2355,25,69,1,1),(3,1,3,887,7172,1295,0,0,1),(4,3,4,794,1544,240,1,0,0),(5,15,2,1080,5223,296,91,1,1),(6,69,3,1068,1361,799,0,0,0),(7,53,2,28,9795,480,46,1,1),(8,62,1,1131,4501,1284,57,1,0),(9,58,2,1228,441,57,47,1,1),(10,64,1,1092,6458,158,65,0,1),(11,11,5,324,6984,1400,83,0,1),(12,96,2,704,3164,337,18,0,0),(13,39,3,432,5858,1476,42,0,1),(14,67,4,755,7554,1485,57,0,1),(15,90,2,1199,3001,193,0,0,0),(16,34,4,254,6043,698,55,1,0),(17,63,5,1411,3974,1421,0,0,0),(18,54,3,737,7405,517,5,0,0),(19,77,2,1459,2763,984,60,1,0),(20,2,2,1204,9504,811,82,1,0),(21,19,3,1222,7607,1052,32,1,1),(22,83,3,725,2721,413,12,1,0),(23,72,2,970,8587,331,66,1,0),(24,32,5,1250,4030,433,91,1,0),(25,50,5,1187,8986,251,58,1,0),(26,17,1,1433,3668,627,44,0,0),(27,6,3,841,2948,1319,15,0,0),(28,84,2,438,4677,805,1,1,1),(29,30,4,119,3238,1324,61,0,1),(30,57,2,436,2529,134,3,1,0),(31,68,4,1210,9546,1408,100,1,1),(32,33,1,271,1629,1150,15,0,0),(33,93,3,321,7302,291,64,0,0),(34,29,5,363,3868,411,0,1,0),(35,43,1,1427,2797,176,0,1,1),(36,81,3,1223,6371,925,4,0,0),(37,38,4,1020,5273,548,6,1,0),(38,48,2,1201,8042,140,76,1,0),(39,80,5,565,1865,1380,0,0,0),(40,65,2,342,1832,532,49,0,1),(41,37,5,942,8350,495,35,0,0),(42,75,2,1161,2912,897,59,1,0),(43,99,3,881,4026,1438,0,0,1),(44,25,3,348,8347,593,45,0,1),(45,82,2,1147,4178,975,1,1,0),(46,5,4,1096,175,1290,22,1,1),(47,98,3,793,8359,199,61,1,1),(48,10,3,709,2291,128,74,0,0),(49,12,2,567,6053,1154,1,0,1),(50,51,1,474,2837,247,85,1,0),(51,21,2,462,4415,126,22,0,0),(52,89,4,1045,2325,879,55,1,1),(53,49,4,653,9254,1157,77,1,0),(54,4,2,486,1237,784,8,0,1),(55,22,5,367,2618,971,76,1,1),(56,26,3,1418,9115,1160,52,0,0),(57,85,1,739,2347,447,34,0,1),(58,45,1,390,2356,423,14,1,0),(59,8,4,762,4130,604,0,1,1),(60,16,2,885,6167,464,69,1,0),(61,78,1,679,9989,208,3,0,0),(62,73,4,1056,7385,759,100,1,1),(63,74,1,967,4627,1450,93,0,0),(64,13,4,824,7494,838,67,0,0),(65,95,1,1462,4346,955,33,1,1),(66,56,5,405,8195,1082,53,0,0),(67,7,5,605,7159,171,62,1,1),(68,97,5,164,8549,924,52,0,1),(69,76,2,480,5390,257,72,1,1),(70,35,2,1459,1950,469,6,1,1),(71,87,5,125,7926,68,13,0,0),(72,46,4,1403,1402,101,45,1,1),(73,20,2,498,4294,1401,85,1,1),(74,9,2,1079,5569,503,91,0,1),(75,88,3,122,1857,1128,100,1,0),(76,91,2,666,794,747,24,1,0),(77,100,5,507,9366,985,21,1,0),(78,86,4,1185,5871,504,32,1,0),(79,44,5,945,1724,12,0,1,1),(80,42,4,143,4628,521,99,1,0),(81,92,3,1304,6971,666,95,1,0),(82,70,4,34,5849,233,23,1,0),(83,66,3,1226,9055,118,79,1,1),(84,52,2,1094,2558,422,10,0,0),(85,31,4,965,1739,1077,11,1,1),(86,71,5,551,4420,1073,23,1,1),(87,24,4,894,4910,38,85,0,0),(88,28,5,594,5006,1321,55,1,0),(89,36,4,415,7010,124,19,1,0),(90,60,5,489,2938,890,0,1,1),(91,23,2,138,7655,1096,27,1,0),(92,18,3,1300,7061,1040,81,0,1),(93,27,4,221,838,761,21,1,0),(94,55,4,712,2153,612,62,0,0),(95,41,3,382,6893,370,45,0,0),(96,47,3,806,258,1024,95,1,0),(97,59,1,1145,9403,999,39,0,1),(98,79,4,16,6733,177,58,0,0),(99,61,2,869,4983,1009,75,1,0),(100,40,3,1397,7572,1403,100,1,1);
/*!40000 ALTER TABLE `profiles_hosts` ENABLE KEYS */;
UNLOCK TABLES;

--
-- Table structure for table `reviews`
--

DROP TABLE IF EXISTS `reviews`;
/*!40101 SET @saved_cs_client     = @@character_set_client */;
/*!50503 SET character_set_client = utf8mb4 */;
CREATE TABLE `reviews` (
  `id` int unsigned NOT NULL,
  `user_id` int unsigned NOT NULL,
  `target_type_id` int unsigned NOT NULL,
  `target_id` int unsigned DEFAULT NULL,
  `rating` int unsigned NOT NULL,
  `review_text` text CHARACTER SET utf8 COLLATE utf8_unicode_ci NOT NULL,
  `created_at` datetime DEFAULT CURRENT_TIMESTAMP,
  PRIMARY KEY (`id`),
  KEY `reviews_user_id_fk` (`user_id`),
  KEY `reviews_target_type_id_target_id_rating_idx` (`target_type_id`,`target_id`,`rating`),
  CONSTRAINT `reviews_target_type_id_fk` FOREIGN KEY (`target_type_id`) REFERENCES `target_types` (`id`),
  CONSTRAINT `reviews_user_id_fk` FOREIGN KEY (`user_id`) REFERENCES `users` (`id`) ON DELETE CASCADE
) ENGINE=InnoDB DEFAULT CHARSET=utf8 COLLATE=utf8_unicode_ci;
/*!40101 SET character_set_client = @saved_cs_client */;

--
-- Dumping data for table `reviews`
--

LOCK TABLES `reviews` WRITE;
/*!40000 ALTER TABLE `reviews` DISABLE KEYS */;
INSERT INTO `reviews` VALUES (1,150,2,25,4,'Quas ut sed omnis ut perferendis esse qui. Excepturi consequuntur asperiores modi voluptas nihil eaque.','1989-02-07 18:21:03'),(2,37,1,136,1,'Illo facere impedit rerum iure aut est. Quia est doloribus dignissimos ut. Autem maxime nihil cupiditate provident enim. Ex consequuntur praesentium consequatur repudiandae quis est est cum.','2008-10-13 23:34:59'),(3,191,2,65,4,'Animi corrupti et vero praesentium placeat aspernatur. Ex ut dignissimos quod pariatur cupiditate optio.','2008-04-14 01:26:00'),(4,62,1,78,1,'Dolorem commodi esse qui natus libero et. Vel velit eaque cupiditate suscipit corrupti impedit ipsa quam. Odit non corrupti natus tenetur.','1973-03-28 09:14:02'),(5,121,1,175,2,'Voluptatibus perferendis voluptas autem sequi ea. Et aspernatur quo omnis sed placeat est. Vero magni quis sunt laborum aut. Praesentium aliquam illo neque.','1974-06-01 06:42:44'),(6,180,2,50,2,'Repellat illo autem fuga. In ut quos id quisquam reprehenderit. Maiores qui dicta eligendi voluptas eveniet quo. Dolorem recusandae laborum magni repudiandae velit enim a.','1978-10-06 14:55:16'),(7,154,2,55,2,'Est nobis illum est quo qui eveniet. Quia molestiae excepturi veniam sed. Harum consequatur ea est a.','2020-03-02 04:55:18'),(8,126,2,24,1,'Pariatur assumenda eum molestiae qui. Consectetur odio ratione rerum et nihil soluta. Nulla maxime non rem repudiandae illo.','1991-12-23 00:06:49'),(9,18,1,50,3,'Quis cumque labore cumque accusantium sequi. Accusamus voluptates impedit aut amet quia enim quas. Consequuntur doloremque in illum ex. Voluptatem cum ullam impedit ea error.','2020-01-07 07:48:14'),(10,166,1,227,4,'Facere optio molestiae aspernatur eius soluta voluptate. Quis harum voluptatum velit itaque. Sit autem consequatur quis magni ea voluptas.','2007-07-12 06:56:54'),(11,35,2,56,2,'Culpa aut pariatur ipsam nisi ut animi sed sint. Atque est nobis ad voluptas rem provident quae. Sed neque aut nam aperiam. Amet doloremque unde cum.','1992-09-27 13:51:04'),(12,48,1,201,4,'Cum adipisci facere expedita error odit voluptatem. Vitae sit dolorem sint. Necessitatibus ab sit et aut velit repellat.','2006-12-03 09:07:41'),(13,12,1,89,2,'Error ducimus voluptate natus. Voluptatem non nihil nisi rerum. Quae voluptate consequuntur quia doloribus. Libero accusamus consequuntur voluptatem eos ad fuga sapiente.','2000-12-03 06:15:51'),(14,182,2,6,2,'Delectus officia totam modi distinctio tenetur dolor. Fugiat tenetur ab rem minima. Cupiditate autem et aut harum.','2008-09-08 04:49:50'),(15,87,1,96,2,'Placeat autem sunt nihil atque. Qui voluptas molestiae quae eius. Et incidunt qui voluptas minus. Illum odit aut harum magni.','1990-02-25 08:49:53'),(16,75,1,201,3,'Repellat esse quae quibusdam. Qui mollitia repudiandae error dolores. Quis aut eos inventore est. Quis est laboriosam omnis voluptatem ut aut rem.','1976-03-27 15:50:52'),(17,1,1,113,4,'Consectetur iure aliquam omnis id et rem officia culpa. Deserunt ad illo eum quas eum aut. Voluptate doloremque quisquam velit. Incidunt quisquam qui eveniet necessitatibus.','2000-09-29 04:23:30'),(18,187,2,63,1,'Qui maxime fugiat quia sed et et aut. Dicta hic at quibusdam debitis tempore quas. Eaque eum dicta quis sunt dolores eveniet ea non. Doloremque sint molestiae et sint.','2013-07-31 01:57:06'),(19,52,1,202,4,'Eius numquam autem quibusdam doloremque. Velit unde sapiente rerum enim.\nEos sit quibusdam animi eaque cum. Totam rerum illum nemo veniam. Magnam est praesentium illo laborum non.','1981-10-04 08:36:44'),(20,155,2,98,1,'Ipsam libero earum nobis cupiditate voluptate cumque dicta. Corrupti architecto nihil qui et corrupti voluptas quis.','2012-03-14 12:19:46'),(21,185,2,97,1,'A natus odit enim rerum excepturi sit ratione quia. Qui recusandae pariatur sint et exercitationem rem est. Labore optio aut quia dicta veritatis.','2000-09-17 21:32:05'),(22,192,2,91,4,'Quas necessitatibus et voluptates unde itaque voluptates quia. Et voluptatibus rerum qui dolores illo omnis temporibus. Cupiditate aut rem vitae sit voluptatem.','1988-01-02 14:13:47'),(23,40,1,360,5,'Voluptatem itaque veritatis consectetur et officia ut. Consequatur totam saepe molestiae quia quas repellat eos.','1972-10-14 03:59:43'),(24,161,2,62,5,'Voluptatum autem error eum quae fuga consequatur. Quam accusantium consequatur deserunt quis atque. Quaerat autem sit ipsa qui consequatur sunt.','1991-12-31 04:50:02'),(25,81,2,39,2,'Quas magni accusamus rerum labore eos laboriosam impedit. Suscipit animi quia odio omnis pariatur. Quo saepe earum nisi ipsa veritatis. Eum est eveniet culpa sed repudiandae nostrum in ipsa.','1990-04-30 13:51:32'),(26,99,1,313,4,'Pariatur provident ut quidem eveniet a error. Quo sint quas voluptatem temporibus dolor nostrum. Fugit quam saepe quia est qui.','1990-10-08 04:56:19'),(27,148,1,40,3,'Maxime aut ullam sit doloribus. Veritatis temporibus voluptas temporibus voluptatum delectus modi quia.','1973-11-29 22:03:49'),(28,6,1,33,3,'Sed ipsa quis voluptates sit corrupti consequatur. Ut et optio tenetur qui nesciunt maxime. Quisquam qui doloremque eos minus.','2013-01-06 09:17:22'),(29,138,1,19,4,'Ut animi qui ut. Itaque et sint blanditiis repudiandae reprehenderit. Voluptatibus et quis repellat rerum at repellendus esse voluptatibus.','2018-09-20 08:46:23'),(30,25,2,9,4,'Maiores molestiae consequatur nam natus. Sint odit facere ab assumenda itaque. Odio doloribus et tenetur magnam omnis officiis qui expedita.','2014-01-30 09:17:07'),(31,70,1,237,1,'Nisi qui expedita amet consequuntur repellendus molestiae. Minima ut vero alias id vero voluptate omnis. Provident ut excepturi explicabo sed et consequatur porro.','1992-03-06 02:41:45'),(32,113,1,376,2,'Magni impedit ad quis sit magnam. Dolorum nemo eligendi molestiae qui qui qui asperiores. Nostrum non eum facilis voluptatibus voluptates soluta.','1990-08-29 12:59:09'),(33,55,2,27,4,'Debitis nemo est inventore iure quidem ut. Sed perspiciatis nihil vitae ullam dolor. Sit omnis suscipit maiores inventore quia id iure consequuntur. Provident inventore ratione consequatur.','1991-06-22 07:08:21'),(34,163,1,256,1,'Ut quo laboriosam corporis. Ea natus temporibus voluptatem delectus. Labore aperiam sit voluptatem dolor. Iusto praesentium voluptas non.','2009-01-02 07:43:50'),(35,9,1,175,1,'Culpa atque commodi perferendis quisquam tempora. Qui inventore tenetur officia itaque alias rerum atque. Ipsam earum provident sunt perspiciatis inventore qui earum eligendi.','2010-01-27 06:04:59'),(36,159,2,6,5,'Consequatur distinctio ab officia itaque. Rerum dolor deleniti recusandae aspernatur unde. Ipsam quisquam ea autem tenetur. Modi est aut totam aliquam sapiente consequatur adipisci ut.','2011-07-23 20:27:46'),(37,105,2,50,5,'Ut dignissimos tenetur vel cumque et vero hic. Voluptas numquam perspiciatis aut aperiam laborum accusantium numquam. Aut ut rerum dignissimos aut.','1997-09-14 08:16:14'),(38,51,2,32,3,'Est consequuntur quia porro nisi laborum enim. Voluptates at consequatur laboriosam est sunt aut officia. Ab ullam beatae cupiditate voluptas. Quam modi nesciunt voluptatem quasi animi.','2009-02-10 04:25:31'),(39,27,1,387,4,'Dolores deserunt ea ipsum et. Non ipsum repellat qui incidunt repudiandae odio. Aut et temporibus quam eum facilis itaque expedita. Sit illum provident sit fugit quos eveniet magni.','2016-06-26 07:04:51'),(40,21,1,282,5,'Perspiciatis veniam tempore est ut voluptas dolores. Et neque est quis est culpa recusandae corrupti. Inventore eaque blanditiis tenetur non.','1997-07-07 02:20:24'),(41,30,2,10,3,'Quod ducimus culpa in aut ut est cupiditate. Accusantium omnis omnis aut assumenda sed. Accusamus sit molestiae iste deserunt molestiae expedita.','1978-01-28 17:08:24'),(42,13,1,262,1,'Qui dolorum est repudiandae libero quos dolores voluptatem deserunt. Alias recusandae dolorem voluptatum ea. Veniam ut dolor qui quae sequi est accusantium.','1982-10-06 13:18:33'),(43,194,2,51,1,'Libero perferendis recusandae officia voluptatem. Quae aspernatur laboriosam molestiae numquam aut voluptatem. Maiores repellat reiciendis ut ratione dolor quod.','2004-12-08 14:43:33'),(44,103,2,25,3,'Consectetur a debitis natus doloremque soluta eum quia. Libero et mollitia in aut recusandae dignissimos. Saepe dolor non et. Et provident eaque occaecati possimus.','2004-04-15 14:49:28'),(45,66,2,73,3,'Adipisci velit error sunt vel molestiae. Iusto ut quae eaque sed omnis. Quod earum in pariatur enim quia est.','2008-10-12 06:50:16'),(46,84,1,283,2,'Maxime sed dolores qui cumque. Id earum qui qui eos ut.\nDolorem dolore doloremque quidem doloribus. Adipisci quod molestias enim a adipisci ipsum culpa. Praesentium eligendi harum culpa architecto.','2019-03-25 13:17:46'),(47,122,1,273,2,'Excepturi voluptas harum nostrum quaerat. Sint sit cupiditate fugiat. Ipsum dignissimos voluptatem dolores suscipit veritatis. Doloremque voluptatem beatae possimus incidunt voluptatem.','1976-09-05 22:48:58'),(48,50,1,177,4,'Ea esse laborum aliquid omnis qui est. Non minus quasi fugiat voluptatem impedit ut voluptatem ea.\nConsequatur sit dolorum ab eaque. Qui repellendus cumque dolorem omnis.','1995-05-07 23:29:08'),(49,61,2,89,3,'Facilis et temporibus repellendus at cum quia ducimus. Dolore optio omnis eum labore mollitia dolores ad similique. Ut iure laboriosam aliquam tenetur sit facere dolor.','1986-02-22 08:28:25'),(50,68,1,374,2,'Delectus fugiat natus vitae sequi dignissimos. Quibusdam aut repellendus eos consequatur consequatur sequi facilis quo. Et beatae et qui.','1980-03-12 15:09:35'),(51,181,2,25,2,'Id voluptatum eos quasi totam iure eligendi voluptatem. Esse est qui rerum vitae iure impedit id. Et sit placeat eaque minima sint sunt ut.','1990-08-26 23:51:56'),(52,131,2,60,5,'Ducimus aut odit autem perspiciatis sequi. Quo accusamus possimus vitae voluptate iste et tempora. Temporibus assumenda esse et dignissimos iure excepturi id.','1986-02-26 17:45:39'),(53,186,1,279,4,'Assumenda ipsum molestiae architecto eveniet sequi nihil. Sed quas qui autem voluptas iusto labore. Minima vel non et et perferendis. Aut culpa nostrum aut.','1976-04-30 00:28:05'),(54,144,2,21,1,'Qui dicta accusamus quisquam placeat. Recusandae ut qui consequatur unde sed. Nam id commodi et quia. Dolorem et aut ea recusandae. Laboriosam incidunt et commodi non corporis delectus.','2002-10-09 17:10:18'),(55,190,1,150,4,'Illo labore voluptatem quia suscipit. Facere ullam eveniet praesentium est. Qui quo quo rerum suscipit placeat esse. Ab aut rem quae mollitia aut.','1986-11-09 15:26:12'),(56,153,1,363,1,'Expedita doloribus ut similique ab suscipit voluptas. Quaerat nemo ipsam adipisci veniam porro. Et vitae vero natus sed sunt ipsam.','1998-01-19 00:57:09'),(57,145,2,27,2,'Aliquam unde accusantium beatae. Est nisi doloribus fuga natus adipisci nulla. Eaque consequatur voluptatibus in dolor unde.','1978-10-21 18:38:43'),(58,165,2,69,2,'Corrupti molestiae aut necessitatibus id. Aspernatur ducimus nesciunt quos ex iusto odio. Aperiam ut ipsa dignissimos neque voluptatibus enim et.','2001-06-19 02:54:23'),(59,4,1,199,2,'Ut recusandae molestiae qui dolore. Ut nemo ut modi cumque sint sequi. Vitae consequatur inventore voluptas non. Distinctio consequatur rem molestias ut facilis.','1986-03-10 21:22:28'),(60,29,1,369,3,'Quia asperiores aliquam assumenda vitae dolore culpa. Voluptas qui qui iure repellat quibusdam eligendi. Illum vero placeat vel labore neque neque.','1971-06-28 09:08:20'),(61,72,1,59,5,'Quo autem voluptatum sint aut. Doloremque quam magni omnis incidunt blanditiis occaecati et. Iste numquam molestias aut hic quibusdam.','2010-09-08 03:19:30'),(62,98,1,125,2,'Non blanditiis distinctio possimus aut quos tempore. Itaque dolorum soluta quaerat. Laudantium cum animi ipsa illum cumque odit accusamus quis.','1998-02-14 08:38:57'),(63,198,2,66,2,'Et officia id est eum reiciendis commodi mollitia. Est veniam adipisci commodi quo fugiat sint unde. Porro nostrum quia eos non quo error sint fugit. Facere impedit et provident eos accusamus vitae.','2001-08-22 13:04:15'),(64,28,2,21,2,'Et ab pariatur molestiae omnis in. Neque cumque quasi voluptatem vel officiis. Labore accusamus alias sequi quo incidunt autem illum quis.','1996-03-05 19:39:33'),(65,200,1,278,3,'Tempore eos odio possimus. Dolores veniam eligendi eum dolorum amet possimus. Est similique alias expedita qui rerum dolorem reprehenderit.','1978-01-11 07:11:51'),(66,177,2,5,1,'Saepe nobis est incidunt quibusdam. Quos quisquam omnis maiores. Repellat nobis quam corrupti dolores. Sapiente nemo neque quia sequi esse ipsa.','1982-08-07 08:33:32'),(67,118,2,63,1,'Aut officiis possimus nam quas earum distinctio ut. Qui laudantium consequatur officiis cupiditate accusantium quaerat. Vero hic ut magnam animi quod.','2008-11-12 02:56:16'),(68,199,2,1,4,'Magnam sit voluptatem dolorem vel dolorem adipisci sapiente tenetur. Soluta repudiandae ipsam mollitia voluptate non quae.','2010-10-08 05:39:32'),(69,78,1,284,1,'Ea rerum tempore hic repellat nesciunt saepe. Ut a animi illum assumenda sequi. Ut sequi a consequatur exercitationem. Ratione dolores ullam aliquid sit.','1995-03-10 10:32:00'),(70,119,2,14,3,'Beatae reprehenderit ab sit ut atque doloribus ipsum unde. Vel commodi aut accusantium. Quae corporis deserunt quo facilis qui et.','2003-05-07 09:07:53'),(71,162,2,67,5,'In consequuntur tempore modi excepturi earum ut. Numquam et recusandae ut omnis voluptatem animi doloremque. Est aut incidunt omnis minus.','1972-10-09 19:47:39'),(72,46,1,161,3,'Dolore dolor accusantium quam veniam. Quisquam consequatur vel deserunt veritatis sed earum. Dolorem sit consequatur temporibus exercitationem quasi voluptatem.','1976-10-24 14:13:22'),(73,173,2,92,3,'Asperiores non dolore sed et. Enim eaque dolorem qui odio. Debitis minima rerum sunt aut vel asperiores.','1972-11-01 02:59:24'),(74,65,1,238,3,'Quia tenetur magnam assumenda aut. Quia autem sed est autem non. Ut praesentium voluptatum voluptates est nihil voluptatem.','2011-09-08 18:05:27'),(75,135,2,60,1,'Corrupti rerum ad explicabo. Cum voluptas non qui sapiente odit pariatur. Fugiat voluptatem perferendis perferendis ea eligendi. Vel voluptatibus atque recusandae amet.','1979-12-13 21:59:56'),(76,14,2,23,5,'Perspiciatis possimus omnis alias id earum. Consequatur quisquam ut voluptas consectetur non aliquid.','1970-10-08 07:02:51'),(77,45,2,33,5,'Nostrum sit consequatur facilis sed perspiciatis consequuntur modi. Earum aliquam maxime dolor architecto delectus. Amet nobis autem mollitia hic. Ut tenetur modi magnam quam aliquam saepe.','2017-09-16 21:28:42'),(78,91,1,201,4,'Odit possimus qui ut et ut expedita. Id et expedita consequatur rerum eius consequatur. Ut velit aliquid facilis minima ullam saepe tempore.','1974-01-07 18:05:59'),(79,184,2,97,1,'Repellendus omnis vitae expedita eveniet cum eveniet. Quis dolores consequuntur aspernatur est eligendi et est. Dolore expedita sit deserunt. Quia vitae dolorem voluptates neque.','1973-08-11 13:40:18'),(80,3,1,300,1,'Ipsa ducimus voluptatem deserunt accusamus sit. Nobis quas esse expedita cum et est. Sint quia vero et consequatur qui. Animi similique consequuntur ea rem id nobis est. Ut numquam error nam dolorem.','1973-03-12 14:02:41'),(81,36,2,86,4,'Asperiores sed ut laudantium soluta ut molestiae. Rem molestiae et aperiam eaque et iure fugiat esse. Nulla nobis at nihil ut ab.','1990-12-21 23:52:00'),(82,128,2,40,4,'Alias quo pariatur excepturi repudiandae officia. Voluptas in voluptas consectetur provident rerum quasi odio molestiae. Delectus accusantium reiciendis voluptatem expedita corrupti quae.','1994-05-19 08:42:49'),(83,133,2,40,3,'Repudiandae qui non amet inventore magnam. Pariatur quo nihil odio optio sapiente aperiam. Recusandae tempore repellat dolores at tempora. Ex hic ut aliquid necessitatibus aut.','2005-04-23 00:13:54'),(84,79,2,79,5,'Harum velit sit deserunt quia quasi. Dolorem voluptas dolores iure ipsam nesciunt quia eveniet consequuntur. Hic quos molestias recusandae quia aut amet. Sunt eveniet aut laborum dolor natus magnam.','2012-10-20 08:43:42'),(85,139,1,292,5,'Quasi suscipit molestias dolor qui rem. Eum omnis culpa voluptatem ut. Impedit saepe veritatis quia sint dolorum suscipit vel. Est atque reprehenderit ipsam voluptates nobis provident et.','2015-02-17 22:09:10'),(86,175,2,75,2,'Iste qui aut vitae enim omnis non. Quo nihil cupiditate quia maiores inventore assumenda ipsam. Ea aut doloremque consequatur sint quia ut et qui.','2003-04-06 07:56:22'),(87,64,1,255,5,'Laudantium et voluptate nihil. Ratione recusandae impedit repellendus ut numquam. Expedita et illo architecto dolor aliquam maiores vel.','1992-10-28 12:55:26'),(88,23,1,338,1,'Veritatis a ut mollitia soluta libero nisi ea. Nemo doloremque earum aut et eos sit. Molestias odit quam optio tenetur et. Tenetur quam porro quos quaerat et.','2007-11-27 21:21:51'),(89,88,1,335,5,'Amet molestiae et voluptate. Est enim accusamus error perferendis totam repudiandae minus.','2010-10-25 17:00:46'),(90,41,2,38,4,'Est laborum molestias voluptatibus numquam. Sapiente nisi et rerum voluptatem aspernatur. Fugit ad quia nesciunt molestiae odio enim dolorem.','1983-01-28 17:07:12'),(91,147,2,65,2,'Est magni omnis labore maiores. Molestiae illum temporibus et quis magnam ullam qui. Occaecati eligendi quo vitae magni cumque enim. Est sunt reprehenderit blanditiis ut aut voluptas.','2014-01-07 18:28:12'),(92,127,1,247,3,'Molestias necessitatibus voluptatem quae odit in. Enim quae est soluta. Ut facere exercitationem voluptas voluptatem. Non molestiae qui dolores quam rem voluptates ad.','2010-08-13 18:33:20'),(93,58,2,12,2,'Soluta consectetur inventore ullam tenetur vero perferendis eum ut. Ad consequuntur ea illum vel perspiciatis quae.','2018-01-03 17:48:18'),(94,129,1,89,1,'Soluta velit delectus voluptatem. Consequatur et beatae dolore rerum animi quia. Voluptas voluptas ea quasi.','2001-07-22 06:11:11'),(95,102,2,61,1,'Aut illo debitis esse. Vitae corrupti non provident laboriosam vero. Aspernatur ut eos totam impedit est. Qui enim dignissimos deserunt autem facilis eligendi.','1991-01-01 15:22:34'),(96,90,2,71,3,'Enim reprehenderit debitis eligendi autem voluptas explicabo. Incidunt nostrum error rem. Illum et autem dicta excepturi expedita dignissimos similique. Eveniet error veritatis corrupti distinctio.','2010-11-14 08:38:36'),(97,8,2,71,5,'Et saepe assumenda optio doloribus. Voluptatem praesentium qui veniam et. Fugit quibusdam deserunt consequatur sed corporis. Voluptatum architecto cupiditate accusamus dolores ipsum minus.','2017-08-07 10:45:45'),(98,44,2,39,4,'Rerum temporibus velit aliquid neque. Aut omnis non quam necessitatibus sequi.','1993-09-30 08:29:05'),(99,94,1,382,4,'Qui soluta nisi quis. Sunt commodi tenetur sequi accusamus rerum fugiat placeat dolore. Error sit quos veniam quo laudantium inventore rem.','2014-07-20 23:34:43'),(100,104,1,232,3,'Beatae ut vero consequatur iusto. Eligendi asperiores est odit est voluptatibus dolorem ut. Ratione eos quaerat consequatur maiores modi.','1972-12-11 05:20:19'),(101,125,2,85,4,'Id corrupti voluptas et corrupti laudantium excepturi. Corporis voluptas illo magni qui suscipit voluptas. A illo consequatur sit quis. Delectus vitae eum tempore magnam.','2017-01-22 17:44:44'),(102,132,2,6,4,'Molestias et dolorem qui. Eos quaerat vel fugiat sequi sit corrupti. Enim non itaque ad reprehenderit officiis sapiente omnis. Nobis suscipit repudiandae dolores voluptatem.','1972-08-02 05:47:03'),(103,22,1,325,1,'Atque est similique accusamus modi. Eligendi expedita voluptatem voluptates in. Aperiam nesciunt quia perspiciatis atque.','1998-09-18 03:14:32'),(104,179,2,76,4,'Aut sed quis fuga reiciendis. Id atque quo in sequi. Quam aut rerum placeat illo magnam rem illum repellat.','2004-03-10 13:22:30'),(105,80,1,102,3,'Laboriosam ut provident ut officiis corporis quo architecto nulla. Dolores nobis illo dolores. Placeat repellat rem saepe enim. Inventore qui nam vero.','1988-02-22 05:09:57'),(106,15,2,61,2,'Exercitationem velit ut repellat animi quis. Fugit eos assumenda omnis autem. Molestiae eum eaque ut voluptas qui maiores.','1993-09-27 20:44:40'),(107,24,1,82,2,'Illum quasi iste eos. Consequatur rerum debitis aut earum et quia. Dolorem eum vero quia fuga sequi in. Voluptatibus fuga aliquam vero corporis quidem sit eum.','1977-08-25 05:30:01'),(108,2,1,133,1,'Impedit dolorum quibusdam ducimus repellat. Eos cum iusto impedit praesentium voluptates repellendus in. Itaque laboriosam et voluptatibus qui.','1972-05-09 05:03:49'),(109,116,1,187,3,'Perferendis aut beatae ut quasi nihil ut. Perferendis magni non et saepe ut. Maxime sunt placeat maxime rerum voluptatem porro ut. Nihil ratione exercitationem ut eos est ducimus voluptates nostrum.','2002-07-29 22:06:04'),(110,136,2,76,2,'Sed consequatur ipsum voluptatibus voluptatem quis. Possimus aut esse non voluptates. Nihil est eveniet rerum consequuntur quibusdam at.','1992-01-21 09:00:50'),(111,195,2,95,2,'Cupiditate ut sit aut distinctio cum eos earum. Ratione aut et sed itaque dignissimos. Velit ut tempora sed. Modi ipsa inventore quisquam praesentium ratione et adipisci.','2014-11-17 09:43:32'),(112,183,2,47,1,'Autem officia eveniet quaerat iste exercitationem voluptate sit quis. Natus et illum omnis dignissimos quaerat tempora non. Accusantium autem corrupti et est.','2002-04-22 15:16:28'),(113,143,1,113,2,'Perspiciatis et eum deserunt et. Et similique velit culpa ea.','1998-03-26 18:20:30'),(114,197,1,193,3,'Adipisci non est id saepe autem. Voluptatem nobis necessitatibus explicabo ea aut dolores minus. Quam ut et veniam tempore nemo sed.','1990-08-17 03:42:44'),(115,130,1,387,4,'Voluptates ea optio molestiae libero doloremque corrupti. Et numquam tenetur optio illo ut dolor cum quo.','1976-08-12 09:15:14'),(116,156,2,52,4,'Ut id similique ratione. Deleniti nulla laudantium sed laudantium. Voluptates sed quis minima incidunt quibusdam.','2001-02-20 16:47:02'),(117,20,1,293,2,'Amet est rem quod error. Hic velit sit dolorem nam molestias vero reiciendis ut.\nEnim suscipit et ut est. Veritatis veritatis sint ullam asperiores quasi illum deserunt.','1985-09-18 06:34:14'),(118,49,1,205,3,'Quia sit fuga rerum. Eaque omnis quo itaque eius tempora doloribus tempora aut. Cupiditate ad sapiente exercitationem est officia. Qui cupiditate quia praesentium aut nam vero.','2001-02-20 04:58:45'),(119,140,1,141,1,'Natus omnis aut ullam non. Debitis nesciunt et suscipit cum. Distinctio ratione nihil eveniet quia autem. Earum quis doloremque hic sed.','1971-09-23 10:31:33'),(120,16,1,83,5,'Incidunt nulla architecto est. Commodi vel perspiciatis earum et. Minima aut fugit sed blanditiis error. Omnis sit eaque voluptatem maxime ea suscipit et.','1988-07-19 03:34:09'),(121,146,1,105,5,'Aliquid quaerat explicabo veniam et distinctio ullam. Voluptate earum dolor laboriosam voluptatem magnam sed. Ut quis esse aut recusandae dolores ullam tempora.','2008-11-02 03:53:45'),(122,111,2,16,3,'Alias ipsa nihil nostrum voluptatum. Eum et quaerat ea nisi ipsum vitae aliquid. Ipsam aliquam inventore animi earum. Nihil sapiente ut omnis.','2000-11-05 09:04:22'),(123,109,1,207,5,'Aut qui quod qui sit provident totam aperiam. Consequatur quibusdam velit neque porro magnam et quae suscipit. Aliquid incidunt asperiores fugit. Et facilis quia magni ex rerum.','2011-09-18 16:19:59'),(124,39,2,26,3,'Voluptate iusto minus voluptas a consequuntur. Sit et quam autem omnis dolor ipsa. Omnis non vel nesciunt aut qui.','1975-09-30 22:24:16'),(125,100,2,80,3,'Voluptatem culpa commodi maxime non magni aperiam. Corporis ut aut pariatur. Ut aspernatur maiores minus et.','2017-01-28 22:30:21'),(126,17,1,281,5,'Qui perspiciatis voluptas voluptatem et officiis reiciendis. Est odio consequatur recusandae et mollitia odio iusto. Repellendus tenetur culpa distinctio autem rem tempora autem.','1973-12-09 11:48:31'),(127,164,2,24,2,'Et omnis et esse eum inventore. Dignissimos aut quia sed quam officiis.','2007-06-04 22:17:17'),(128,189,2,76,4,'Possimus quidem est iure voluptatem. Quia doloribus vel labore totam ex possimus quasi. Amet eius perferendis aliquid qui.','2016-10-05 00:09:59'),(129,71,1,15,5,'Omnis dolores sit blanditiis minus illum nihil eveniet tenetur. Dicta amet voluptas officiis nisi. Nisi non nostrum illum velit qui sunt sunt.','1972-01-02 00:00:23'),(130,134,1,40,5,'Ut accusamus laboriosam ut. Odit molestiae ducimus facilis vero et ullam.','1971-10-12 03:06:14'),(131,82,1,330,1,'Sunt libero accusamus voluptatem quis dolores ratione. Dolore qui deserunt et aut dolorem. Enim nesciunt consequatur rerum amet asperiores quae et.','1998-03-05 11:42:54'),(132,93,1,191,2,'Et asperiores dolorem distinctio est sit unde vitae. Maiores esse dolores minima blanditiis. Dolores non est et ullam. Magni dolore quae ab illum.','1980-01-21 06:09:12'),(133,110,2,8,5,'Magnam illum quod itaque sed consequatur ut omnis. Suscipit qui dolorem magni doloremque. Suscipit iure ex ut beatae.','2008-12-15 13:14:19'),(134,85,1,28,2,'Et quam libero voluptas iure quo et quia neque. Est doloremque laboriosam sed eligendi rerum voluptatibus blanditiis. Voluptatem molestiae magnam consequuntur vel error voluptatum qui.','2003-05-30 17:54:58'),(135,101,1,330,2,'Tempora sed necessitatibus mollitia qui eius. Perferendis omnis iure amet tempora hic voluptatum exercitationem. Est voluptatum sed ea cumque nobis. Sit nemo sint nulla rerum exercitationem sed.','1986-07-13 08:22:07'),(136,96,1,292,3,'Eaque a blanditiis quia dignissimos quia aperiam. Eius laudantium expedita ut atque et. Quia voluptatem enim at corporis rerum.','2003-12-14 12:21:56'),(137,123,2,12,4,'Dolores nobis tempora aperiam molestiae nulla enim qui. Maiores excepturi veniam unde expedita magni. Consequatur dolor voluptatem vel dignissimos placeat non deleniti inventore.','1977-05-30 23:11:49'),(138,157,2,38,4,'Dolor totam sed dolores soluta ut expedita et. Et ut est dolores qui est.','1975-12-01 15:26:33'),(139,149,2,50,3,'Amet expedita veniam et dolor aspernatur beatae enim. Cumque nam cupiditate voluptas necessitatibus cumque repudiandae.','1998-02-06 04:21:40'),(140,168,1,193,2,'Id voluptas autem reiciendis et. Ut sunt voluptates quidem eos quis cupiditate. Deserunt corrupti alias vel eum ex natus ut. Esse itaque adipisci qui.','1977-11-17 17:07:22'),(141,5,2,36,2,'Quidem molestiae blanditiis aspernatur ipsa aliquam et. Quaerat harum eos libero sit alias adipisci. Ut vel ex autem eum suscipit magnam qui quo. Officia doloribus ad dolorum ratione sunt.','1976-09-17 02:09:04'),(142,169,1,341,5,'Id eos doloremque nesciunt soluta magnam voluptas dolor sit. Unde illum laborum iste consequatur quia. Est tenetur et aut quos labore sint harum.','1980-01-10 17:11:45'),(143,108,2,30,4,'In quidem dignissimos in quas quod voluptatem ab. Autem nam ut dicta praesentium dolorem. Nihil in mollitia quo. Totam ut consequuntur voluptatem unde.','2013-05-03 04:15:33'),(144,86,1,220,3,'Iusto natus et nihil ullam sint quia tempore occaecati. Rerum qui debitis facere distinctio rerum minima. Iure unde dolorem mollitia tenetur sed debitis placeat.','1994-05-14 22:26:59'),(145,112,1,215,2,'Exercitationem reiciendis nihil autem sit voluptas. Recusandae necessitatibus eaque culpa nesciunt quod aut. Excepturi laborum voluptatibus modi est.','2000-07-15 16:16:50'),(146,106,2,40,3,'Voluptatum ipsum odio suscipit deleniti ducimus veritatis sapiente. Ut dolores adipisci dolorem impedit optio.','2002-08-19 10:52:44'),(147,193,2,10,4,'Consequatur officia voluptates expedita labore aliquid cumque quod velit. Quia exercitationem cum tempore fugiat nulla. Est ut voluptatem molestias reprehenderit quos ullam labore.','2003-07-07 06:38:02'),(148,158,2,31,5,'Consequatur quo numquam voluptatem enim nostrum. Quaerat deserunt quaerat voluptatem quam quos velit repellendus et. Nobis exercitationem in repudiandae.','1972-11-26 12:22:01'),(149,77,1,317,5,'Veritatis minus suscipit quos. Et quos deserunt et incidunt perspiciatis praesentium qui. Sit corrupti eum et et modi nam nobis ut. Est officia doloremque animi ipsa minus.','1977-04-09 21:11:42'),(150,54,1,123,2,'Est optio sed illum molestiae voluptatem omnis ea. Perferendis qui quia consequatur eius libero et. Totam quidem quia blanditiis autem nemo.','1976-03-05 03:33:47'),(151,34,1,56,1,'Itaque qui odit recusandae reiciendis. Dolor illum eos quas natus perferendis omnis eos quasi. Dolores et voluptate exercitationem nemo commodi omnis non cumque.','1983-09-29 10:47:21'),(152,89,2,25,1,'Quis odit quod vero deserunt vel. Et voluptas rerum fugiat quia quia est. A repellendus dolores ea rerum est eaque.','1989-10-16 15:21:02'),(153,42,1,127,1,'Quae aliquam voluptas quis neque minima qui recusandae. In officiis doloribus ullam et. Sit excepturi adipisci qui et ut eos enim.','1991-12-18 03:13:30'),(154,137,1,395,1,'Ut sit vero aut laudantium. Mollitia animi nihil atque soluta iste.','1981-02-20 20:39:33'),(155,117,1,231,4,'Animi sunt quia ut. Nihil et voluptas blanditiis fugit temporibus. Provident sequi aut consequuntur.','1975-01-02 14:20:49'),(156,33,1,134,2,'Ut incidunt quia praesentium voluptas. Laboriosam ut ipsum voluptatibus atque natus sunt ipsa. Harum cupiditate distinctio unde optio tempora voluptates sit.','1980-07-08 15:47:54'),(157,95,1,13,1,'Laborum quis quam mollitia facilis. Est placeat quas occaecati alias est iure mollitia. Qui sit consectetur assumenda eos. Aliquam corporis odio ut.','2003-08-03 06:22:58'),(158,53,2,31,4,'Sit explicabo dolorem voluptatem expedita nobis est itaque. Sed qui dolores labore aliquid ut ea. Sequi numquam sint ab deleniti laudantium exercitationem.','1986-11-11 16:37:47'),(159,10,2,80,3,'Ab nulla amet molestiae rerum sed voluptatibus quasi. Et quae ut voluptate qui nihil est cupiditate et. Et maxime excepturi dolores laudantium ut dolores. Dicta dolor quaerat et vel et debitis non.','1976-06-27 03:25:21'),(160,188,2,4,3,'Dolorum adipisci nemo temporibus facere sunt. Rerum optio deserunt voluptas temporibus accusamus.','1978-02-12 06:13:01'),(161,176,2,82,4,'Non aliquid eaque sed iure consequatur cupiditate aut. Aut consequatur non possimus corporis ab earum corrupti. Tenetur qui repellat doloremque. Maxime quia quia tenetur eos.','2012-04-29 17:05:13'),(162,115,1,203,3,'Omnis omnis aut accusantium aut et exercitationem. Porro cupiditate iure neque quaerat. Quia cum quibusdam reiciendis sit sit. Fugit sint et ullam sed provident animi.','1985-05-13 20:08:44'),(163,160,1,151,3,'Voluptatem nostrum est dolores nostrum. Voluptas voluptatem autem odit quidem. Impedit consequatur soluta quo numquam veritatis cum.','2010-11-27 19:06:25'),(164,171,2,95,3,'Veniam ea doloribus omnis animi quo sequi. Laboriosam nisi ut nihil animi enim et. Tenetur perferendis cum qui quia eos officiis. Sed incidunt placeat vero. Quas consequuntur voluptatem quis totam.','2001-12-26 22:31:08'),(165,57,1,325,5,'Optio aut corrupti in consequuntur non fuga. Velit est dolorum sit et consequuntur rerum nesciunt. Sint et enim vel.','2000-01-16 22:46:27'),(166,124,2,30,3,'Sint autem laboriosam officia in. Nobis incidunt aut aut aliquam repellendus deserunt animi. Voluptatum quis et velit temporibus et.','1995-05-01 10:45:55'),(167,142,2,65,5,'Non ipsa officiis natus minus. Perspiciatis id autem voluptatem omnis. Fugit voluptatem nesciunt sint voluptatem facilis libero. Iusto deleniti enim non odit placeat non qui odio.','1991-08-29 13:20:53'),(168,172,2,36,2,'Placeat earum suscipit inventore eveniet dolor commodi maxime ipsa. Accusamus laborum nemo dolore nemo dolorem. Sit atque asperiores saepe ipsa quibusdam ad.','1972-02-09 11:34:52'),(169,7,2,83,2,'Sint sit quaerat et officia velit sunt quisquam. Saepe amet iste consequuntur eum modi odio exercitationem.','2010-10-18 07:03:40'),(170,63,2,7,1,'Officia voluptas debitis saepe. Id blanditiis dolor repellat enim ex at eius atque.','2001-04-30 09:53:52'),(171,170,2,84,2,'Ea corporis officia quo non fuga reprehenderit delectus. Qui exercitationem omnis iste iste. Et et odit dolorem.','1976-06-08 18:54:10'),(172,97,2,97,4,'Harum explicabo consequuntur autem qui amet. Voluptatem et pariatur molestiae et maxime possimus.','1986-04-25 09:57:21'),(173,11,2,36,2,'Optio error dolore ad et rerum omnis. Maiores voluptas incidunt officia ullam minima asperiores sunt. Delectus non quae tenetur sed id.','2008-09-28 21:05:19'),(174,76,1,313,4,'Recusandae voluptatibus ea est aut beatae. Molestiae totam voluptatem ipsam eum. Occaecati ut ut aut modi. Quasi non autem aut optio.','2006-09-24 17:40:41'),(175,178,1,187,2,'Quibusdam aliquam est optio sit eligendi quos. Quaerat enim dolor velit.','1999-03-12 11:31:51'),(176,152,1,184,2,'Dolor qui consequatur quasi qui est. Est fugit aut consequuntur rem quidem. Tenetur odit in voluptatum eius ipsa necessitatibus voluptas.','1986-01-30 01:49:42'),(177,69,2,86,5,'Dolor consequuntur nisi pariatur quod dignissimos voluptatum. Hic asperiores in nisi rerum. Atque molestiae molestiae quisquam eum id.','1988-01-02 13:47:10'),(178,107,2,23,5,'Molestias earum ea illo voluptatem qui suscipit molestias. Quis quo sunt praesentium ducimus dolorem est repellat. Nesciunt dolores qui dolore praesentium. Ea ad recusandae ut.','2005-01-10 20:41:45'),(179,43,2,57,2,'Soluta ullam nostrum autem quia aut occaecati. Nam odit dolores ad similique eius quidem exercitationem. Commodi veniam maxime temporibus porro nulla.','2019-03-18 03:29:04'),(180,60,1,15,2,'Et ullam ullam est nihil itaque. Commodi ducimus eos qui vel. Eveniet consequatur et deserunt eos.','1994-06-05 01:02:59'),(181,56,2,14,5,'Reiciendis ut a et qui libero qui et. Ducimus voluptatem repudiandae molestiae. Harum amet ut aut doloremque. Et earum enim temporibus perferendis rerum est.','1997-10-08 18:11:58'),(182,38,2,100,3,'Quas quas eaque quae facere voluptate ea. Amet qui rerum voluptatem laboriosam placeat. Rerum eaque aut est totam officiis est qui.','2003-06-06 01:53:30'),(183,32,2,57,4,'Provident amet deserunt natus est deleniti perferendis est laudantium. Delectus at et fugiat amet. Nemo enim consequuntur facilis et sit rerum voluptas.','1981-03-15 16:31:28'),(184,73,1,351,5,'Rem qui blanditiis suscipit maxime. Repudiandae aut quisquam odio ut nobis tenetur. Error doloremque harum rem quis ipsam placeat a. Alias alias architecto fuga est.','1983-07-05 15:13:03'),(185,141,1,183,5,'Voluptate laborum sit cupiditate illum ducimus quam molestiae totam. Aut ea aliquam voluptatem eligendi. Unde quam voluptatem assumenda aut facilis et.','1983-09-17 08:14:36'),(186,92,1,120,5,'Velit ad et eos et aperiam molestiae consectetur labore. Sit dolor necessitatibus eligendi beatae ratione quae temporibus in. Et quisquam neque est neque qui ipsa repudiandae.','1999-02-17 08:49:15'),(187,167,1,171,4,'Ipsum et ut et rerum. Minus rerum totam quisquam et ut. Repellendus aut amet id nihil atque.\nQuis laboriosam veniam aut. Quia voluptas eligendi rerum ea libero iste est unde.','1971-10-26 03:36:07'),(188,114,2,83,4,'Reiciendis rerum odio perferendis dolores repudiandae id. Est quia recusandae non consequatur aut. Dolorem veritatis dolores esse dolorem rerum sunt.','1985-12-04 15:23:17'),(189,151,2,46,1,'Et aperiam modi ratione aspernatur officiis. Ut esse deleniti iste maxime asperiores in quis. Ex possimus accusamus nulla facilis quisquam in est.','1991-12-13 07:11:44'),(190,174,1,145,3,'Numquam enim odio facere. Sed qui ut quae at eligendi qui. Minima quos quod ut nemo voluptatem recusandae hic vel. Magnam molestias illo voluptas sint impedit occaecati provident sit.','1970-02-04 02:05:16'),(191,47,1,128,5,'Et ut omnis et harum perspiciatis facilis et. Modi eaque quia magnam ut. Reprehenderit consequatur dolor sint est vel sint. Ipsam aliquid ea nemo consectetur molestiae blanditiis ducimus repudiandae.','1999-04-04 19:42:12'),(192,83,2,81,5,'Dicta ut error et quia sequi. Quaerat recusandae perferendis accusamus enim ut necessitatibus. Quia ullam qui et consequatur. Eum dicta temporibus ex unde possimus pariatur non.','1992-05-24 12:15:41'),(193,196,1,12,4,'Asperiores consequuntur unde dolores quia temporibus illum. Distinctio placeat ratione earum inventore quo ut unde autem. Tempora quod quam sapiente eos eveniet autem.','1985-06-19 06:46:20'),(194,59,2,67,4,'Quisquam accusamus neque eos vel et inventore. Consequuntur atque dolore possimus enim. Quia explicabo rem repellendus culpa quisquam qui odit.','2011-07-02 00:33:07'),(195,26,2,89,2,'Eveniet eveniet incidunt et incidunt cumque aspernatur. Itaque architecto dolores expedita nobis quasi. Quidem eius dignissimos at sequi non quae.','2005-08-21 06:21:27'),(196,67,1,377,4,'Adipisci itaque ullam ad vel itaque. Nemo perferendis itaque qui ut sint voluptas. Illum incidunt quae ex et facilis. Tempore temporibus nobis dicta corporis.','2009-04-30 00:09:00'),(197,74,2,45,1,'Quae maiores sed mollitia voluptatem. Aut eum et architecto esse dolore sint alias. Porro officia accusamus officiis.','2017-01-10 19:30:26'),(198,31,2,57,5,'Quidem vel id nam eligendi ab. Repudiandae adipisci neque voluptatem odit. Quia nulla facere quia et nostrum mollitia debitis.','2019-12-19 21:12:47'),(199,120,1,343,2,'A voluptas optio adipisci aut voluptatem dolore. Alias voluptates nihil soluta rerum sint aut. Debitis qui odit sapiente ab iste et. Porro placeat in nihil nobis consectetur.','1989-10-19 21:56:37'),(200,19,1,306,3,'Quo temporibus vero explicabo voluptatum nulla et repellat vitae. Suscipit delectus unde dolorem ut debitis est. Ut quibusdam iure laudantium ab soluta autem.','1986-06-22 07:50:15');
/*!40000 ALTER TABLE `reviews` ENABLE KEYS */;
UNLOCK TABLES;

--
-- Table structure for table `target_types`
--

DROP TABLE IF EXISTS `target_types`;
/*!40101 SET @saved_cs_client     = @@character_set_client */;
/*!50503 SET character_set_client = utf8mb4 */;
CREATE TABLE `target_types` (
  `id` int unsigned NOT NULL,
  `name` varchar(20) NOT NULL,
  PRIMARY KEY (`id`)
) ENGINE=InnoDB DEFAULT CHARSET=utf8mb4 COLLATE=utf8mb4_0900_ai_ci;
/*!40101 SET character_set_client = @saved_cs_client */;

--
-- Dumping data for table `target_types`
--

LOCK TABLES `target_types` WRITE;
/*!40000 ALTER TABLE `target_types` DISABLE KEYS */;
INSERT INTO `target_types` VALUES (1,'User'),(2,'Apartment');
/*!40000 ALTER TABLE `target_types` ENABLE KEYS */;
UNLOCK TABLES;

--
-- Table structure for table `users`
--

DROP TABLE IF EXISTS `users`;
/*!40101 SET @saved_cs_client     = @@character_set_client */;
/*!50503 SET character_set_client = utf8mb4 */;
CREATE TABLE `users` (
  `id` int unsigned NOT NULL,
  `first_name` varchar(100) CHARACTER SET utf8 COLLATE utf8_unicode_ci NOT NULL,
  `last_name` varchar(100) CHARACTER SET utf8 COLLATE utf8_unicode_ci NOT NULL,
  `email` varchar(150) CHARACTER SET utf8 COLLATE utf8_unicode_ci DEFAULT NULL,
  `password` varchar(18) CHARACTER SET utf8 COLLATE utf8_unicode_ci DEFAULT NULL,
  `is_host` tinyint(1) DEFAULT NULL,
  `birthdate` date DEFAULT NULL,
  `sex` char(1) CHARACTER SET utf8 COLLATE utf8_unicode_ci NOT NULL,
  `city` varchar(100) CHARACTER SET utf8 COLLATE utf8_unicode_ci NOT NULL,
  `country_id` int unsigned NOT NULL,
  `photo_id` int unsigned DEFAULT NULL,
  `created_at` datetime DEFAULT CURRENT_TIMESTAMP,
  PRIMARY KEY (`id`),
  UNIQUE KEY `email` (`email`),
  KEY `users_country_id_fk` (`country_id`),
  KEY `users_photo_id_fk` (`photo_id`),
  KEY `users_id_is_host_idx` (`id`,`is_host`),
  CONSTRAINT `users_country_id_fk` FOREIGN KEY (`country_id`) REFERENCES `countries` (`id`),
  CONSTRAINT `users_photo_id_fk` FOREIGN KEY (`photo_id`) REFERENCES `photos_users_apartments` (`id`)
) ENGINE=InnoDB DEFAULT CHARSET=utf8 COLLATE=utf8_unicode_ci;
/*!40101 SET character_set_client = @saved_cs_client */;

--
-- Dumping data for table `users`
--

LOCK TABLES `users` WRITE;
/*!40000 ALTER TABLE `users` DISABLE KEYS */;
INSERT INTO `users` VALUES (1,'Rodrigo','Barton','lauretta70@example.org','298a34b4d4972e8df3',1,'1992-09-11','m','Shannyfurt',25,221,'1977-07-22 08:34:28'),(2,'Mckayla','Schimmel','ehickle@example.com','d5131846c35eb3783c',1,'1981-12-31','m','Lake Kaylee',24,318,'2013-04-17 22:43:55'),(3,'Gladys','Hermann','adelia33@example.com','f471ec7d67ada4395a',1,'1979-02-17','m','Leestad',5,194,'2015-09-20 18:15:56'),(4,'Modesta','Daugherty','yullrich@example.com','0a8dc109a83b1b6e0d',1,'2000-11-17','m','East Devan',23,294,'1986-10-06 10:18:46'),(5,'Derrick','Abernathy','torphy.delphine@example.com','847c6024e9d42f6677',1,'2001-05-09','m','West Anabel',16,317,'1987-05-17 09:54:54'),(6,'Renee','Breitenberg','wilber.wolff@example.com','2793bd65aa3bf4dac9',1,'2015-06-17','f','Anastasiaberg',17,454,'1979-06-22 17:42:14'),(7,'Augusta','Skiles','krystal.senger@example.com','c6f9213039009e003d',1,'1981-06-18','m','South Lisaborough',33,250,'1999-02-01 19:49:47'),(8,'Catherine','Rippin','fritz98@example.net','c7a81fc17bb5ffbf2a',1,'2000-05-17','f','Russelville',16,395,'1976-12-14 21:25:18'),(9,'Agnes','Gibson','kayli.harber@example.com','328ee619552cc0f541',1,'1975-01-30','m','South Osbornehaven',22,190,'1996-09-07 08:35:07'),(10,'Rudy','Rau','pascale87@example.net','a244e1d4df443c9220',1,'1972-05-23','f','Pfannerstillville',14,131,'2015-12-22 22:38:22'),(11,'Claire','Bauch','faye90@example.com','45636c6459944b841b',1,'2006-06-24','f','Olenfurt',27,2,'1974-04-10 14:29:00'),(12,'Shea','Gleason','nola.wuckert@example.com','c6a006dcca2d098ac2',1,'1971-11-04','f','New Abdultown',34,387,'2005-06-28 05:48:09'),(13,'Lambert','Rice','schiller.nickolas@example.net','b0fcc1f8445b51f96d',1,'2005-06-28','f','Antwanburgh',34,266,'2006-08-09 03:25:02'),(14,'Ivory','Grant','dillan.hammes@example.org','ea076e2a6d0577b937',1,'1999-05-24','f','Kaiahaven',30,254,'1993-01-01 05:18:54'),(15,'Beth','Boehm','norene04@example.net','530b7a89e22e68df74',1,'2018-07-16','m','Gutkowskiborough',33,71,'2006-03-09 11:01:04'),(16,'Hugh','Zboncak','cleora95@example.com','2735d30ce6ef622254',1,'1993-08-12','f','Welchmouth',2,453,'2015-12-31 17:32:18'),(17,'Tillman','Klocko','breitenberg.vida@example.org','2cf8b838b447d439fa',1,'1979-05-15','m','Bednarfurt',25,426,'1986-03-23 11:09:12'),(18,'Oral','Lehner','samanta.miller@example.com','05cbba55b5212d6e08',1,'2018-07-06','f','West Brycenmouth',19,204,'2000-02-08 06:04:53'),(19,'Jamil','Dickens','gene.feeney@example.com','c5bb7bfc1908a2c02f',1,'1970-02-14','f','Kochborough',35,306,'1990-04-06 07:40:09'),(20,'Alyson','Kerluke','duane36@example.org','410be3de54a5968619',1,'1971-07-25','m','Port Jarodville',11,186,'2011-07-24 13:50:16'),(21,'Darwin','Schaefer','juanita.homenick@example.org','6cad9bc48e4be7be48',1,'2015-05-06','f','Bartolettimouth',30,246,'1994-04-29 19:30:56'),(22,'Dave','Dach','dejuan37@example.org','8fd07ad9d0e58bee65',1,'1975-07-22','f','South Markushaven',9,356,'1993-04-04 08:24:43'),(23,'Dasia','Leannon','dina.murphy@example.com','10454c55d9619f6f86',1,'2009-08-23','f','Port Elnora',3,392,'1985-09-28 15:35:30'),(24,'Ryder','Wintheiser','cormier.karson@example.org','1fe3e172675c4c2de9',1,'1982-05-09','m','West Deborah',18,95,'1988-03-10 22:15:55'),(25,'Gene','Blick','mgusikowski@example.com','a2a1332de93875767b',1,'1997-06-18','m','Croninstad',15,39,'2014-05-05 15:05:43'),(26,'Meaghan','Schuppe','eloise.ziemann@example.org','095e443cc0490a7783',1,'1975-06-28','f','East Katelynn',13,107,'1999-11-06 19:23:23'),(27,'Faustino','Batz','walter.bernard@example.org','d324683348ae76ea80',1,'1979-09-21','m','Isobelberg',26,19,'2016-08-10 15:49:42'),(28,'Christ','Lubowitz','merlin60@example.com','1ac52a79dba08feb44',1,'1997-08-21','f','Framiside',4,173,'2002-04-20 16:24:25'),(29,'Marcella','Reichert','jaskolski.queen@example.org','7de894b95db0e10766',1,'1999-02-19','f','Bahringerburgh',20,457,'1983-02-16 09:35:41'),(30,'Marcelina','Okuneva','ora.schoen@example.org','7e5506b05698d05721',1,'1984-12-19','m','Rodriguezville',17,311,'2018-10-15 03:08:33'),(31,'Ana','Lindgren','gjohnston@example.com','dd75e6a9f888442080',1,'2002-08-23','f','Langworthhaven',29,278,'1994-11-19 14:41:46'),(32,'Rachelle','Wisoky','wrunolfsdottir@example.org','42133994d9e2e407e0',1,'2005-08-13','f','Gulgowskifort',14,327,'1970-07-15 11:27:40'),(33,'Curt','Hamill','stephan.adams@example.org','2a571e96d3ed725245',1,'2010-07-18','m','Goyettestad',36,251,'2007-12-06 12:36:41'),(34,'Christophe','Schiller','erdman.pearlie@example.org','283c60c511186388e4',1,'1980-01-27','m','Marquiseton',10,320,'1976-05-30 00:12:10'),(35,'Murl','Lubowitz','dorcas04@example.com','6aa15136bd437cc026',1,'1987-10-14','f','Lake Karen',12,427,'2004-07-09 22:31:22'),(36,'Lisandro','Rodriguez','pspencer@example.net','7e88a6911b39d34a61',1,'1992-02-14','f','Port Myah',26,268,'2010-12-12 03:55:38'),(37,'Presley','Lehner','ayden89@example.net','adf33be828fbf67d26',1,'1991-01-13','m','Jacobiview',8,123,'1981-10-18 09:21:40'),(38,'Alexis','Bode','sean55@example.org','2cc8626a2671dd5d79',1,'1987-08-28','f','Lubowitzhaven',34,100,'1988-12-04 11:40:01'),(39,'Lincoln','Friesen','rrice@example.org','7940ecd8243de3651d',1,'1996-05-21','m','Kubchester',30,206,'1988-08-31 14:29:37'),(40,'Ansel','Wilkinson','thomas06@example.com','c0fec60baeb722c16f',1,'2005-08-18','f','Lake Lauriane',1,465,'1994-09-30 08:59:26'),(41,'Melisa','Ziemann','orlando.nolan@example.org','73a025b048555bc5ca',1,'2002-04-21','f','Williamsonton',39,219,'1979-02-20 04:10:42'),(42,'Zack','Bosco','rahsaan.king@example.net','beee6590d4d203f7f6',1,'1996-01-25','f','Calistastad',11,25,'1983-05-06 18:46:49'),(43,'Tre','Lemke','vicenta.west@example.net','34d443834d851d3a17',1,'1977-11-27','f','North Lisaland',39,275,'2006-01-18 15:28:35'),(44,'Roxane','Mayert','awiegand@example.com','5823d003a3cc4c34f4',1,'1986-01-11','f','New Golda',27,237,'1971-04-15 00:32:00'),(45,'Meaghan','Conn','friesen.julien@example.org','668bb7fffd0f7d7de7',1,'2004-03-07','f','Botsfordmouth',8,332,'2002-10-06 09:45:31'),(46,'Larissa','Steuber','ignatius41@example.com','6423892df4f062e9f4',1,'2019-11-05','m','East Rebeccaville',4,104,'2016-05-31 11:00:25'),(47,'Odie','Bechtelar','madaline57@example.org','25e23c40f60e7c14fd',1,'1999-10-13','m','Howestad',12,449,'2012-08-08 12:35:19'),(48,'Watson','Marvin','oliver90@example.org','1c78a4b76476f4af64',1,'1988-05-16','m','South Marisol',2,210,'1976-06-11 03:57:57'),(49,'Casimir','Koelpin','shad47@example.org','790c02dff802837550',1,'1984-09-22','f','Jeaniestad',9,263,'1995-07-18 07:11:35'),(50,'Nettie','Gibson','mitchel.treutel@example.org','b04e4f276043ab6aee',1,'1992-07-18','f','Wymanville',25,224,'1979-03-07 13:01:42'),(51,'Herminia','Zieme','geraldine.walsh@example.org','a0c8fe0f905a9d4e08',1,'1983-01-04','m','West Jakob',35,448,'2003-09-25 08:03:34'),(52,'Marques','Raynor','dsauer@example.com','7a63987ff4626ffebb',1,'1985-11-27','m','Rutherfordside',3,74,'1993-01-24 08:46:36'),(53,'Allen','Wunsch','lamar.vonrueden@example.org','0c7ec4edf58fb8cabe',1,'1974-07-10','f','Rueckerfort',34,400,'2017-01-11 13:30:43'),(54,'Thalia','O\'Kon','cassandre12@example.com','3330b557b8d9c1552e',1,'1972-01-25','f','Effertzburgh',6,121,'2000-10-09 06:10:35'),(55,'Neil','Barrows','berenice98@example.com','686baf1b66fe32c078',1,'2002-04-20','m','Mayaside',5,496,'1993-10-13 22:20:05'),(56,'Zack','Schulist','gleichner.foster@example.com','ff47ae1ab21fb3ca2f',1,'1982-10-18','m','West Al',37,425,'1983-03-22 13:50:21'),(57,'Grant','Schmidt','rohan.collin@example.net','26f4618e75336fbcba',1,'1979-07-26','m','Eliezerbury',9,239,'1984-03-26 06:29:38'),(58,'Lea','Gusikowski','nmoen@example.org','aa99000da70d52a769',1,'1988-01-21','f','Bartonville',39,134,'1987-08-02 00:51:08'),(59,'Paolo','Wehner','schuyler53@example.net','b90a0671180093b773',1,'2004-09-16','m','North Laceymouth',19,445,'1978-03-12 06:44:28'),(60,'Allan','Grimes','laltenwerth@example.org','a93330072446608fe6',1,'2015-03-20','f','South Koreyville',8,429,'2007-10-28 04:46:29'),(61,'Jamarcus','Waelchi','davis.brooke@example.org','721df1f3979ec86965',1,'1988-09-22','m','Port Eudoraborough',33,414,'2008-06-01 05:17:05'),(62,'Camron','Sporer','qmckenzie@example.com','b00c47058ccb08534f',1,'1984-05-03','m','New Betsy',33,249,'2012-06-19 21:09:08'),(63,'Shanon','Wisoky','mervin.white@example.com','d3e00c701cd7ec1263',1,'1984-08-06','f','Ziemannmouth',16,316,'1982-12-27 19:36:47'),(64,'Janiya','Reichert','lang.francesco@example.com','4857b09a4f34839f75',1,'1985-02-05','m','Marjolainefurt',20,253,'1981-07-01 15:01:10'),(65,'Neha','Beer','iwolff@example.net','c84d899831b6989029',1,'2011-09-03','m','Kochchester',11,248,'2019-01-13 06:50:01'),(66,'Kiara','Blick','hbaumbach@example.net','f96c4e676c769df5b9',1,'1981-05-10','m','East Waldo',21,423,'2017-03-16 02:02:04'),(67,'Llewellyn','Brown','casper.karl@example.com','d5e6910928866340b4',1,'2011-12-06','f','Nikolausmouth',38,211,'1985-06-24 06:15:48'),(68,'Hilbert','Mayer','andre94@example.org','5dd6f24ee805a96e8a',1,'2005-07-17','m','Kulasmouth',26,182,'2020-01-02 07:13:08'),(69,'Haskell','Wintheiser','parisian.ariane@example.org','c98cec1fa9a656a736',1,'2007-11-03','m','North Bayleeside',8,151,'1986-10-22 10:25:41'),(70,'Mozell','Torp','virginie.ryan@example.com','9c12cd92127bcf5618',1,'1985-03-26','m','McKenzietown',2,317,'1973-08-31 00:14:00'),(71,'Margret','Turner','malcolm30@example.com','bcfbc555e64a7ee7bf',1,'1997-03-26','m','North Elenoramouth',37,150,'2004-03-24 09:47:12'),(72,'Donato','Glover','dina.jaskolski@example.org','54137e30fabb539503',1,'1977-06-02','m','Chayaborough',23,47,'2018-03-02 16:59:48'),(73,'Jaylan','Hermiston','kconn@example.com','e6e2ecddb261337d07',1,'1997-05-15','f','North Justine',16,233,'1975-12-22 17:18:25'),(74,'Nicola','Deckow','cristobal89@example.org','d5950d090c8365e496',1,'1986-04-07','f','Tyreeville',28,309,'2003-05-08 10:41:54'),(75,'Tamara','Lowe','tad.cassin@example.org','753a02cbd4b4071176',1,'1997-04-05','m','Mitchellshire',40,384,'1994-01-10 02:24:10'),(76,'Irma','Frami','edwina.bergstrom@example.org','4fcac0861fa2099d9f',1,'1997-11-19','f','Port Josue',25,296,'1980-11-14 13:35:27'),(77,'Dasia','Waelchi','mgottlieb@example.com','639c1a09cc151d2223',1,'2010-09-14','f','Lake Berniece',34,272,'1995-01-01 10:52:12'),(78,'Bettye','Fisher','pagac.kim@example.org','95c1c4efd85d9cc932',1,'1978-01-10','f','Romagueraview',34,116,'2000-08-21 16:31:59'),(79,'Fletcher','Nolan','hoeger.estelle@example.com','5968e96b25e4dbc833',1,'2011-09-07','m','Lake Lincoln',31,186,'1995-07-17 20:01:18'),(80,'Jay','Little','ewell85@example.com','63afdb3c1356e3e7bd',1,'1997-01-19','m','Hayesstad',36,269,'2015-01-01 15:48:07'),(81,'Ashlynn','Kautzer','annabel.lakin@example.com','217428806dd9b3c0ed',1,'1988-08-10','f','South Deondre',33,37,'1982-03-16 08:11:09'),(82,'Floyd','Leffler','larson.troy@example.org','b3c5440df06fad13ad',1,'2019-04-16','m','South Osborne',26,48,'2008-12-31 11:55:20'),(83,'Randall','Goldner','russel.mohammad@example.com','59594cb070c882ef56',1,'2010-08-25','m','Heathcoteberg',29,118,'1998-01-26 15:16:42'),(84,'Reed','Morissette','gibson.camylle@example.net','6759c1c7c4de281f65',1,'1981-10-12','m','West Ernestine',29,111,'1974-04-23 21:53:12'),(85,'Wanda','Ritchie','trisha.wyman@example.net','d0df259d95f915f273',1,'2013-09-10','f','Lolamouth',8,113,'1991-04-17 08:00:08'),(86,'Verla','Hirthe','kelli91@example.com','f96c412cf440915790',1,'2010-04-18','m','Newellview',31,325,'1970-07-25 20:13:15'),(87,'Kenton','Medhurst','nathan90@example.org','070c1ac10f63b13234',1,'1993-02-16','f','North Ginoshire',29,115,'1997-11-23 23:39:10'),(88,'Nikita','Balistreri','ecronin@example.com','3024c7c93ca78b42d9',1,'2008-09-28','m','South Brantland',25,213,'1993-06-28 10:08:50'),(89,'Gracie','Marks','kari.glover@example.com','01eaf9ded5b7d36fe3',1,'1993-11-17','m','South Alizechester',15,215,'1987-02-19 00:32:25'),(90,'Stacey','Batz','ycronin@example.com','2a52a1cd69188a17b5',1,'1982-01-08','f','Schillertown',39,164,'2008-12-11 14:45:06'),(91,'Jesse','Heaney','magali.parisian@example.com','bb29150de83aea9726',1,'1989-03-11','m','Stefanstad',5,139,'2004-06-15 16:52:40'),(92,'Ona','Strosin','emmerich.chloe@example.com','527af5ff6a4afb6135',1,'2007-09-04','m','Tayaland',15,2,'1988-11-25 02:50:26'),(93,'Shea','Rosenbaum','berry.connelly@example.net','520d42fbeee70d6937',1,'1971-06-19','m','North Loma',23,9,'1989-04-24 20:05:46'),(94,'Coty','Deckow','ferne98@example.net','a28f7c22fe8d53085c',1,'1978-05-07','f','Port Helmer',1,31,'1971-08-01 04:16:14'),(95,'Lexie','Conn','tmorissette@example.net','eb039c29da8cbdcec4',1,'1976-02-22','f','Melissatown',21,391,'1976-12-10 06:55:12'),(96,'Hailie','Hayes','sorn@example.com','f8baca6b45c538911c',1,'1995-08-16','m','Royton',19,381,'2015-12-16 07:14:36'),(97,'Annabelle','Shanahan','considine.andreanne@example.org','2a9dbbf34bb8cb7bd9',1,'2007-01-31','m','West Alejandra',31,372,'2015-03-13 05:17:22'),(98,'Jerrod','Ziemann','langosh.rosalyn@example.org','f9434707bc730ced6e',1,'1991-06-12','f','South Jasen',39,417,'1990-02-20 14:28:21'),(99,'Virginia','Schaefer','emile.marvin@example.net','c650bff15cdb9fa97d',1,'1976-09-11','f','Lake Verlie',29,58,'2019-06-27 20:25:33'),(100,'Walter','Blick','ogrant@example.net','27210484a10bc0754d',1,'1978-05-08','f','West Ubaldoport',22,441,'1997-08-10 05:33:56'),(101,'Domenica','Nicolas','wolf.jalen@example.com','ada5b09f163e4d652c',1,'2014-03-09','m','Emmanuelside',37,475,'2000-09-06 03:34:52'),(102,'Jazmyne','Waters','swaniawski.bret@example.com','9016722c294dc918b8',1,'2001-10-23','f','Lake Geochester',29,199,'2011-03-18 09:33:59'),(103,'Kayli','Osinski','mekhi23@example.net','768fbf3755c477447e',1,'1998-06-18','f','Schultzview',22,487,'2018-11-06 18:40:56'),(104,'Lilly','Hayes','langworth.kayla@example.com','6ccf05f07c7355f85d',0,'2013-03-10','f','Vandervortton',18,117,'2002-07-25 09:35:59'),(105,'Alfredo','Bednar','marvin.rickey@example.com','1f16b73b177b8e0f44',0,'1987-11-03','m','East Coyville',36,186,'2004-01-15 16:56:49'),(106,'Trent','Mohr','pietro13@example.net','b015fa94e12f23b30f',0,'1988-09-14','f','Lake Nyahaven',25,142,'1983-02-19 17:57:23'),(107,'Rod','Gottlieb','qharris@example.com','68195d9e73931eae4a',0,'1983-02-28','f','North Bonitastad',18,498,'2006-04-11 22:21:04'),(108,'Merle','O\'Connell','myles15@example.net','a1e0a836b681d53bfb',0,'1981-12-26','m','Port Eryn',4,64,'1988-04-11 00:51:53'),(109,'Wilson','Leffler','sincere21@example.com','6845c758b414c69c6b',0,'1989-05-22','m','South Murrayland',5,238,'2017-11-06 21:58:07'),(110,'Dulce','Jacobs','krista17@example.net','4b80edfc823fe37c4a',0,'1972-03-11','m','Port Lizzie',15,310,'2014-03-17 16:16:54'),(111,'Rigoberto','Ziemann','pagac.nina@example.org','2f478a2093c65824a3',0,'1994-12-06','f','South Eldridge',17,469,'1978-10-25 00:45:38'),(112,'Jerald','Kuvalis','forrest74@example.org','8425b96b53e4ddbca4',0,'1993-04-02','f','Armstrongview',4,6,'1974-09-14 19:21:01'),(113,'Solon','Buckridge','cole.toby@example.com','f9c8279bc326257890',0,'1982-09-03','m','Lake Kendrastad',5,433,'1975-12-24 17:09:44'),(114,'Veda','Sporer','tmertz@example.net','06cee38251ea7cb9d8',0,'1984-08-28','m','Lake Kearaland',11,347,'2008-07-11 02:15:22'),(115,'Greta','Murray','donnelly.leonel@example.org','81e0040e75a17270e1',1,'1993-11-13','m','Lebsacktown',9,271,'1996-08-16 19:41:44'),(116,'Darryl','Brown','hbashirian@example.com','27495429191289926d',1,'1974-10-22','m','Maggioland',15,124,'2009-03-11 05:46:31'),(117,'Nayeli','Ryan','schimmel.enos@example.net','77718bf1d92ef560f1',1,'1994-04-28','m','Urielfurt',33,298,'1981-12-11 09:28:45'),(118,'Nayeli','Bernier','jamir74@example.org','3e0a3144e053a4e7b5',1,'2019-02-18','m','West Markus',8,122,'1975-02-22 20:21:43'),(119,'Damon','Littel','haley.myriam@example.net','b1e228383349e9fc90',1,'1980-10-16','m','Friesenside',38,25,'1998-11-30 11:01:41'),(120,'Kavon','Hudson','max.gislason@example.org','729b3ab9525371d887',0,'2018-01-11','f','Elliottton',11,367,'1996-04-02 13:02:26'),(121,'Karlee','Smith','johnny.jenkins@example.net','402764aa5dbf354e35',1,'1981-03-21','m','North Elyse',24,313,'1985-12-28 22:37:11'),(122,'Rubie','VonRueden','vhuels@example.net','4442012bce8671ae28',0,'1990-09-04','f','North Justicebury',29,40,'2015-01-16 11:02:52'),(123,'Laurie','Lubowitz','linnie.johnston@example.org','bc25ff6a9a61186445',0,'1983-11-16','m','Wisokyside',11,386,'1995-10-22 12:14:02'),(124,'Gerald','Vandervort','mozell.douglas@example.net','5642c35e1d24acba95',1,'2005-11-15','m','West Lisette',19,137,'2017-08-19 15:02:02'),(125,'Quentin','Cassin','armani74@example.net','40d8074f824fdb8134',0,'1977-01-12','f','Mitchellborough',30,481,'1987-05-29 19:36:47'),(126,'Taylor','Erdman','martina30@example.com','d69a386343c000a212',1,'2013-05-15','f','Balistreriburgh',16,287,'1990-03-18 22:08:01'),(127,'Pascale','Mohr','sauer.wilson@example.com','7d4b3921f72c3dd601',1,'1984-10-16','m','West Miguelberg',7,486,'1984-12-12 07:23:35'),(128,'Princess','Jacobson','ymacejkovic@example.net','45f3321486ed5a97d3',0,'1996-06-24','m','New Beaulah',8,98,'2000-05-27 19:05:02'),(129,'Mellie','Ruecker','keebler.kellie@example.net','65bbfbd67b59c18366',1,'2002-09-11','m','South Codyton',3,143,'1971-03-04 20:38:12'),(130,'Glennie','Quitzon','zullrich@example.org','efbc4400b9e6cbf5c0',1,'1996-03-31','m','Dickinsonport',9,104,'1981-11-16 08:54:02'),(131,'Jadyn','Klein','bergstrom.geovanni@example.org','084c8e8ef0d6bc157b',0,'1993-11-05','f','Carolinaville',10,143,'2006-01-12 06:24:04'),(132,'Everette','Luettgen','homenick.jamar@example.com','eae6d2ca80d46f6354',0,'2007-04-07','f','Serenaborough',18,303,'2016-10-12 20:21:53'),(133,'Rex','Jones','nicolas.ruthie@example.com','4204dbdcb709889d19',1,'1989-07-01','f','South Meggie',26,274,'1977-02-17 11:52:25'),(134,'Travon','Prosacco','ida40@example.com','eb565beeacc46e5b3c',0,'2017-09-10','f','Brendastad',11,225,'2003-02-28 16:09:22'),(135,'Shaina','Murazik','kwilkinson@example.net','8e77581608bc1c62c6',1,'2019-07-01','m','DuBuqueburgh',17,154,'1985-01-28 00:16:13'),(136,'Damaris','Barrows','hhoeger@example.net','66910ab108f09b7d60',0,'1998-08-06','f','Brennastad',13,495,'2013-01-01 22:36:14'),(137,'Brice','Renner','hugh.gleason@example.com','b389bd144f4da9ccbb',1,'1995-11-20','m','Imeldaland',16,324,'1989-07-15 15:02:25'),(138,'Gretchen','Roob','phane@example.net','0c975a18502f229e77',0,'1971-06-01','m','North Frederic',26,329,'1990-12-15 19:06:49'),(139,'Marta','Satterfield','telly38@example.com','f7d68daa78480403c7',0,'2009-05-07','f','Royalton',12,145,'1983-06-30 22:33:39'),(140,'Orin','Heathcote','carmela.schultz@example.com','5517aec6d29059e7e2',1,'1970-01-05','f','East Meaghanhaven',32,301,'2013-05-05 06:21:45'),(141,'Dino','Rath','frami.jovani@example.org','cd58fa0c97d1ca4052',1,'2005-05-27','f','Dorthymouth',16,85,'1973-04-13 13:52:17'),(142,'Angela','Botsford','laurence17@example.net','4c8fdd6166642eea18',0,'1980-12-09','f','Shayneton',38,238,'2004-05-20 01:32:21'),(143,'Winnifred','Gerlach','aniya56@example.org','b163a1eb8c1b575a71',1,'2011-10-25','f','Abagailville',22,187,'1998-07-22 02:09:09'),(144,'Camden','Farrell','janet09@example.org','ef0c4ab11370c21403',0,'2016-09-03','m','Hackettview',2,496,'2000-05-31 02:03:50'),(145,'Mac','Kemmer','imelda.graham@example.net','97a35ef5fc00032ac4',0,'1984-06-09','f','West Millie',29,141,'1979-08-18 01:39:41'),(146,'Howard','Kozey','emil.spinka@example.org','2ef5399ea425193b7f',1,'2002-07-20','f','Ardithtown',12,256,'2014-09-18 18:28:00'),(147,'Modesto','Gottlieb','torphy.kaelyn@example.net','f8d34656ca64b46112',0,'1982-12-11','m','North Giles',22,133,'2010-08-20 11:31:55'),(148,'Josiane','Langworth','purdy.marjory@example.com','d801fdec8b8a2b0c75',1,'2001-10-15','f','Port Rubenside',40,498,'1994-11-29 13:14:37'),(149,'Petra','Romaguera','hirthe.cecile@example.org','abd38ad5d8fe917384',0,'2004-05-02','f','Wilburnport',13,197,'1980-06-02 07:16:10'),(150,'Ashton','Lubowitz','madisen56@example.org','cfb3fd98c95c02908a',0,'2006-06-04','m','North Augusta',17,192,'2008-05-23 01:54:45'),(151,'Jakob','Swift','goyette.kitty@example.com','24cb1745018a52e41c',0,'2005-09-12','f','Grahamport',28,369,'1995-04-22 17:49:55'),(152,'Rosalee','Harvey','schiller.kiarra@example.net','612e811daeaac6f899',1,'1992-03-20','m','Stehrville',21,349,'2010-08-08 18:11:22'),(153,'Halle','Schoen','jenkins.wilmer@example.net','3dbc8abe0693fba040',1,'1988-06-16','f','Huelsstad',25,22,'1999-11-17 09:45:32'),(154,'Hiram','Lubowitz','kenny00@example.com','453ba0339a6234e0d4',0,'1972-01-31','f','Percivalside',24,435,'2002-10-29 22:37:32'),(155,'Norma','Zemlak','jarrell.kihn@example.com','bd3d9b1bdf0831cbc7',1,'2019-11-10','m','Jacklynburgh',31,165,'1991-09-19 13:47:54'),(156,'Shaniya','Glover','ezekiel.jones@example.net','b873e6e5a016c5f7f6',1,'1982-08-07','m','Willmsstad',9,433,'2016-02-17 14:19:58'),(157,'Kane','Stamm','klein.salma@example.org','d9b2a1c88a16126156',1,'1999-12-05','f','Arahaven',19,201,'1988-10-22 21:35:27'),(158,'Freeda','Schoen','chomenick@example.org','0cc9762824e00409a0',0,'1977-09-19','m','North Hunter',10,42,'1993-02-11 01:46:23'),(159,'Kurtis','Goyette','schuyler86@example.net','8421708ec0e7d0777d',0,'2003-10-12','m','Rutherfordburgh',30,81,'1974-07-02 21:55:34'),(160,'Virginia','Lueilwitz','idibbert@example.com','a8c132ca6989643f07',1,'2005-05-12','m','Kuhicview',28,336,'1971-12-13 01:43:44'),(161,'Winnifred','Jaskolski','uspinka@example.net','927b3adc10453b5fa2',0,'1987-04-23','m','Kellieborough',6,312,'1986-06-26 09:46:48'),(162,'Alejandrin','Kuhlman','arno.reilly@example.org','7adeb202cf17a69eb3',1,'1999-04-07','m','West Luisa',9,437,'2004-11-19 09:11:40'),(163,'Judah','Macejkovic','howe.elliot@example.org','744ccaa7751e38f391',0,'2009-08-16','f','Mellieland',21,368,'1973-08-01 11:07:26'),(164,'Opal','Conroy','eloise84@example.org','ef39147f92e6ec4165',0,'1995-06-23','f','Lake Mariantown',28,224,'1990-05-21 08:12:55'),(165,'Maxime','Greenfelder','mann.francesca@example.net','fd804d144c246b6437',1,'1972-08-02','m','Hirtheland',31,447,'2013-05-20 21:35:56'),(166,'Shaylee','Fisher','marcia.zulauf@example.org','4ef8dd79cfbe78cf22',0,'2018-06-11','f','Stromanstad',7,140,'1987-01-12 11:14:41'),(167,'Greyson','Koch','heathcote.thomas@example.org','b59099e4ebff95de9d',0,'2004-12-11','f','Kertzmannville',40,485,'2007-03-20 21:22:16'),(168,'Owen','Kulas','lubowitz.arlene@example.com','9fad7ca83394f10100',1,'2007-07-14','m','Thompsonville',15,338,'2007-07-08 08:43:39'),(169,'Casimir','Bednar','strosin.ola@example.com','e77a03574fb7d345c4',1,'2010-06-17','m','Gleichnerbury',34,116,'1999-01-10 21:17:11'),(170,'Hillary','Lockman','beatty.deborah@example.org','b7c5ae0c7657e5a131',1,'2013-06-27','f','Lake Pansy',19,173,'1971-01-25 01:40:33'),(171,'Cordell','Quitzon','marina.sauer@example.org','4ef42a8e6101c79fe0',1,'2001-02-11','f','Pfannerstillville',1,89,'2011-06-10 18:30:26'),(172,'Tyson','McGlynn','rita04@example.org','b4857a7559d1ce6244',0,'2009-12-14','f','Grimeston',19,284,'2014-10-14 08:46:09'),(173,'Mozelle','Schmeler','ike.wunsch@example.org','4f17250090aa0317e8',0,'2008-03-25','f','Prudencefort',28,389,'1978-10-17 15:33:12'),(174,'Julian','Stiedemann','aroob@example.net','0cc09ec0d811bb3f3c',1,'1984-09-10','f','Shannaside',19,327,'1977-01-09 15:48:55'),(175,'Lauretta','Kunde','dach.estrella@example.net','0c97bf6c38486b8c20',0,'1972-01-21','m','Dangeloton',35,213,'1981-07-07 21:01:18'),(176,'Trinity','Sporer','deckow.barbara@example.com','28129ae49b60a379d3',0,'2013-04-13','m','West Carlie',27,413,'2014-09-12 19:35:34'),(177,'Loyal','Lowe','zrau@example.com','0e99df241992521c4e',1,'1997-04-28','f','Yvonneland',9,441,'2013-10-25 05:30:44'),(178,'Dorian','Lehner','wilhelmine.kutch@example.com','5e400e0f904c0c29b3',1,'1983-08-05','f','Ethelynfurt',4,386,'2020-01-01 04:40:57'),(179,'Hallie','Upton','qbode@example.net','3cd166c4fa7ecea8e2',0,'1977-10-24','m','Lake Raquel',10,201,'2014-07-21 12:12:20'),(180,'Darrick','Marks','white.grace@example.org','5b0dfab416785d9abf',0,'1995-03-19','f','Hirtheberg',10,67,'2014-06-13 18:10:09'),(181,'Cecil','Friesen','jenkins.khalil@example.net','75d2f8934e73e64d3d',1,'1979-06-20','m','Kriston',28,430,'1984-05-18 04:17:54'),(182,'Sigmund','Schumm','santiago.ferry@example.com','86e923c4469e764168',0,'2011-03-04','m','Milfordborough',34,265,'1982-06-06 17:22:58'),(183,'Rodolfo','Hand','meaghan42@example.net','68dc86a3741b091270',1,'2003-05-12','f','South Delaney',38,393,'2015-05-28 06:53:45'),(184,'Princess','Monahan','effertz.mara@example.net','fbc9077bb9c6ae6c37',0,'1987-07-21','m','Prohaskaport',13,461,'2013-09-21 22:49:07'),(185,'Stanford','Gorczany','karine08@example.net','9ab6968489314a2d92',1,'1971-03-31','m','North Ben',8,166,'1998-10-04 22:16:11'),(186,'Furman','Muller','russel.caroline@example.net','a6bebe37a4e15dc9fa',0,'1973-10-30','m','New Virgilside',2,121,'1977-04-02 06:58:36'),(187,'Joseph','Prohaska','weimann.mariane@example.com','b90e8b35e578e44270',1,'1985-07-16','f','Krajcikland',26,90,'1983-02-05 13:20:38'),(188,'Jeffry','Adams','dhaag@example.org','1f2040e3fbe5d4bd5f',1,'1978-02-16','f','West Miloton',14,471,'1994-11-21 09:52:38'),(189,'Marlee','Lind','adams.aurore@example.net','84a634572e3a05bb3e',0,'2003-07-18','f','Percyshire',19,118,'2013-01-14 21:40:20'),(190,'Jovanny','Mueller','yvette.fritsch@example.com','5eac364b8b3e1eb9b7',1,'2012-01-28','f','South Joannehaven',2,137,'1982-03-14 02:48:35'),(191,'Frederic','Lakin','margot78@example.com','16f512a1e9014b2785',0,'2005-06-11','f','Zemlakburgh',6,59,'1982-01-30 13:24:44'),(192,'Gillian','Friesen','dwyman@example.net','b3d6471deac0166640',0,'1984-01-17','m','Gilbertport',29,490,'2003-01-20 17:55:33'),(193,'Osbaldo','Feil','josiane.mante@example.com','4c85813c9e642cd2ca',0,'1995-11-17','f','South Bruceside',28,38,'1991-02-11 19:20:50'),(194,'Gertrude','Marquardt','wehner.arnoldo@example.com','0468c17a0cacedc03e',0,'2010-03-05','f','East Kayleyhaven',37,451,'1986-08-04 00:48:02'),(195,'Jerod','Dach','nschaefer@example.com','591bb2e9d3b4665b52',1,'2014-07-01','f','Monserratborough',7,344,'1995-01-01 00:26:18'),(196,'Irving','Ward','stracke.greg@example.org','c33d4caddec78a0762',1,'2001-10-01','m','New Gerdaport',4,351,'1985-06-17 06:08:59'),(197,'Nettie','Roob','icollier@example.net','4c29e4dc099ad7ca65',0,'1998-04-03','m','Lesterborough',15,300,'2007-08-31 19:06:08'),(198,'Margot','Johnston','upurdy@example.org','a22ade876b1e51ae83',1,'1989-07-01','m','Tillmanstad',32,276,'2011-03-08 05:01:36'),(199,'Geovany','Leannon','carli.labadie@example.org','45da592ccf088223a8',1,'1988-09-22','m','Mckaylafurt',35,273,'1984-12-16 17:26:18'),(200,'Derrick','Predovic','rbernhard@example.org','f518bf45d2d7dd6242',1,'1973-11-26','f','North Patsyville',30,167,'1988-03-14 18:44:30'),(201,'Matteo','Aufderhar','edythe44@example.net','b183a53bc14f24eb87',1,'1980-05-22','m','New Willieberg',18,160,'2001-05-23 05:32:34'),(202,'Berenice','Hauck','blittel@example.org','75a072f314ba575749',0,'2007-04-06','f','Port Jeanne',13,95,'1988-05-16 09:13:28'),(203,'Stan','Pfeffer','gerda.ebert@example.org','03856d771f4dc4015b',0,'2001-09-12','f','Langton',36,17,'2008-10-06 07:31:35'),(204,'Twila','Mueller','louvenia.breitenberg@example.net','2b23ebe4ad1d323524',0,'2010-03-09','f','North Leathafort',21,189,'1973-03-12 02:45:24'),(205,'Eudora','Block','green.elvis@example.org','7c4746dafbb578a163',0,'1979-02-02','f','Ankundinghaven',31,34,'1978-11-25 16:07:01'),(206,'Jamison','Pfeffer','keely.rowe@example.net','42f4b7b06ed59bcf94',0,'2011-03-04','f','Inesfort',37,325,'1990-07-10 03:35:50'),(207,'Savion','Reynolds','ljacobs@example.net','0dc06e9348f56e6fa2',0,'2008-08-23','f','Ryanborough',37,378,'2016-12-07 09:48:13'),(208,'Eveline','Moore','reinger.abdiel@example.com','cc93d13be4c7bdc340',1,'2017-03-21','m','Benborough',39,482,'2007-02-27 15:31:27'),(209,'Giles','Schulist','mallie27@example.org','bebb24718fd5d667d7',0,'2002-06-23','m','Onaville',34,125,'2013-01-14 15:00:34'),(210,'Larissa','Frami','lenny75@example.org','db9aa260f3d4d580e0',0,'1980-04-18','f','North Gracie',23,143,'1985-06-08 22:34:17'),(211,'Mireya','Nolan','reed24@example.net','d6b60c3b40ace689b5',0,'1971-10-21','f','Port Lucious',30,70,'2007-02-05 06:53:24'),(212,'Cale','Predovic','dominique46@example.com','0f92834b32d5ee1421',0,'1976-07-21','f','Lake Modesto',1,366,'1987-12-08 15:38:28'),(213,'Cristina','Price','dulce.miller@example.com','54a37d74edaad36785',1,'1980-01-07','f','Lake Vernicemouth',29,337,'2009-05-24 06:28:50'),(214,'Torrey','Langosh','emile.schumm@example.org','0848cac1f14e78a9b2',1,'1990-07-21','f','Port Macshire',30,482,'1976-10-28 06:18:09'),(215,'Alphonso','Graham','gerardo.beer@example.net','78f8b0e16793ba510e',1,'2004-01-11','m','Reingerville',38,438,'2012-04-18 05:00:04'),(216,'Ryley','Lebsack','abeer@example.net','89facf5c77eab09ae9',1,'2009-07-13','f','Lake Celestinofurt',10,451,'2018-10-23 10:37:10'),(217,'Jovani','Ferry','marilie.ondricka@example.org','48fee525016a444224',0,'1975-10-13','f','New Karineside',11,78,'1984-03-18 21:25:21'),(218,'Kiel','Lang','reilly.alejandra@example.net','4eb2a13a1a23afece6',0,'2005-01-10','f','Sengermouth',13,475,'2017-06-18 04:54:03'),(219,'Adrien','Hane','trantow.kevin@example.org','222b1ca7c71de9770d',1,'2002-07-30','f','Homenickchester',38,224,'1993-11-02 11:33:22'),(220,'Jayme','Moen','sswaniawski@example.com','fead94466dd040164b',0,'2007-07-19','m','Domenicamouth',10,376,'1986-06-28 18:39:26'),(221,'Hailey','McGlynn','mreilly@example.com','1ce2bef8172068d1aa',0,'1997-11-03','f','East Lutherfurt',27,85,'2017-11-16 00:13:33'),(222,'Margaretta','Bailey','lilliana.mcclure@example.net','c6e74eb5f162063628',0,'1982-03-15','m','North Stan',24,147,'1971-01-09 00:17:42'),(223,'Janiya','Armstrong','dax.williamson@example.net','9fe41760c950ae61d7',1,'2011-08-19','f','Schmittport',13,230,'1985-10-27 21:31:04'),(224,'Lela','Gusikowski','grace.flatley@example.org','2363e1277e00d3c9fb',0,'1992-07-23','f','New Adrieltown',21,94,'2010-10-21 12:01:13'),(225,'Jayda','Steuber','ubraun@example.net','75c09eae7ed9e51a4f',1,'1971-10-09','f','Gradyside',13,466,'1989-05-26 20:52:59'),(226,'Valentina','Boehm','bernhard.jordon@example.org','3b4a0527ed4efa522a',1,'2019-06-17','f','West Geovany',22,173,'1995-01-11 11:41:52'),(227,'Olaf','Klocko','tmurray@example.org','eb56f9e84b31ff622b',1,'1980-07-23','f','North Sheilaland',17,267,'2019-02-28 02:00:58'),(228,'Glennie','Feil','coy.borer@example.org','eb1b2d2031b60e2b73',1,'1998-04-28','f','Lonieburgh',2,203,'1989-09-25 11:42:21'),(229,'Kevon','Welch','lindsay26@example.net','fcc9fd0f6b52afc9af',1,'1986-04-06','f','Kertzmannbury',34,289,'1980-07-09 14:47:35'),(230,'Mortimer','Lockman','fmurphy@example.net','9891babb433a2f62bf',0,'2016-09-08','f','North Selinafort',23,402,'2017-11-06 18:34:55'),(231,'Nikki','Hermiston','baumbach.berniece@example.com','0526e0e4619bca468d',1,'2014-07-10','m','Daremouth',31,44,'2011-12-23 10:35:38'),(232,'Marlee','Abernathy','chesley05@example.net','7903d80520999ac66a',0,'1974-01-01','f','Lake Verda',40,129,'1998-10-19 05:39:47'),(233,'Herminio','Mills','zo\'kon@example.net','46d0f0c1af6be86b55',0,'1993-09-19','f','Goyetteberg',8,66,'1995-04-14 06:58:27'),(234,'Ashtyn','Emard','bogisich.francis@example.net','26963d820440eef7a9',1,'1993-10-04','m','Roseside',21,341,'2018-11-26 15:17:19'),(235,'Kirsten','Effertz','zgoldner@example.com','e1453ebebfcbf5cf36',1,'2013-02-06','m','New Cole',33,248,'1976-06-26 06:18:45'),(236,'Douglas','Breitenberg','lweissnat@example.net','7e99c419242c199fde',1,'2014-02-20','m','North Beth',5,467,'1971-08-07 05:25:59'),(237,'Vincent','Hilpert','imonahan@example.net','3d109a6fd8d51c44b7',1,'2006-03-29','m','North Milomouth',11,87,'2007-05-28 05:37:27'),(238,'Mozell','Cartwright','jalen.bergnaum@example.org','c04cadaef1ef0f342a',0,'2007-05-30','m','Hermannberg',37,174,'1979-09-30 03:52:20'),(239,'Demetris','Simonis','carli.lebsack@example.net','d1a10613720a7fac66',1,'1978-08-25','m','Lake Dave',25,424,'1989-06-09 19:21:13'),(240,'Aniya','Paucek','stokes.daija@example.com','f85cd9fcc4d566acee',1,'1981-06-09','m','Moenport',31,280,'2016-09-26 09:03:01'),(241,'Crystal','Parker','opal.mccullough@example.org','46c1b0a91b187d90ac',1,'1988-12-08','m','North Brittany',18,459,'1973-06-17 03:08:19'),(242,'Gilberto','Hammes','alison74@example.com','00b66f34a40c988122',0,'2001-03-16','m','Jevonside',15,49,'2013-10-07 04:56:48'),(243,'Omer','Langworth','camron.hackett@example.com','9063d588e0a55c1365',1,'1982-06-18','f','Klingborough',30,281,'1970-01-30 11:53:43'),(244,'Annetta','McGlynn','efahey@example.net','4ad4e8d434f4b9605e',0,'2010-09-13','m','Port Magdalenastad',6,171,'1994-11-10 02:33:19'),(245,'Shirley','Kemmer','elijah.ullrich@example.com','cef63aba9dbe586384',1,'2001-07-13','m','Euniceville',19,356,'2001-05-28 15:24:08'),(246,'Dena','Schulist','jacklyn90@example.org','dc2ac76c45fd1edd28',0,'1974-10-18','f','North Fay',16,25,'1991-08-26 10:48:40'),(247,'Cletus','West','bode.darius@example.org','7ce354c42dabff5ade',1,'2013-03-02','m','Mathiasburgh',29,412,'1983-04-27 00:11:30'),(248,'Saige','Mertz','josue25@example.com','743539b2191f994e54',1,'2017-05-28','m','Klockoville',37,217,'1994-09-05 04:35:16'),(249,'Elda','Goldner','trever68@example.net','b273bcdda2a8f13a6e',0,'2000-05-19','f','Lefflerview',14,301,'2002-03-25 14:47:23'),(250,'Eusebio','Bartell','ikuhn@example.net','67a1300144d296ae53',0,'1998-09-16','m','West Arturo',39,30,'2007-10-29 13:14:14'),(251,'Marianne','Ferry','swift.lavern@example.com','5e44a03ccc4688cf41',1,'1970-12-30','m','Bayerton',4,132,'2013-09-18 13:53:03'),(252,'Zander','Daugherty','lakin.dedric@example.org','8533b77977dceb1ae9',0,'2017-05-30','m','East Andreton',16,478,'1993-03-31 10:43:09'),(253,'Pete','Reinger','fcorwin@example.org','c63aaa54d702f38c5d',0,'1988-08-14','f','Mollyberg',3,369,'1985-02-23 02:21:10'),(254,'Wellington','Kovacek','garrison31@example.com','8eedfd126e3db8ff20',1,'2010-10-13','m','Leschville',11,319,'2013-03-04 04:55:32'),(255,'Lonzo','Quigley','demond81@example.org','56bef18975086918ae',0,'2007-08-05','m','West Ignacio',33,250,'2015-09-05 09:09:48'),(256,'Kayla','Volkman','uo\'hara@example.net','3fb8e276cc8b9f9771',1,'1982-12-27','f','Patrickfurt',35,170,'1994-05-21 19:53:12'),(257,'Lue','Spencer','cnienow@example.org','702e68483516a63059',0,'2001-08-18','m','South Enid',1,189,'1980-03-30 02:27:12'),(258,'River','Stracke','trantow.orin@example.com','1633a1a55535e3c464',0,'1994-01-08','f','North Abigayle',19,169,'1991-07-12 01:52:49'),(259,'Erich','Tremblay','jermey.bailey@example.net','07c72c17fd14e729a7',1,'2005-05-14','m','Crooksburgh',9,260,'1990-08-29 09:28:39'),(260,'Lorenza','Mosciski','quincy69@example.com','33fc79c62c7e8fc458',0,'1974-08-31','f','East Jasonstad',31,55,'1995-03-21 05:25:34'),(261,'Lucy','Bailey','littel.d\'angelo@example.org','a3ab9ddc5923148b22',0,'2003-03-16','m','New Ladarius',36,348,'2004-12-29 06:56:08'),(262,'Alexys','Dibbert','feest.manuela@example.net','975f3cd80ed52d000a',0,'2008-08-12','f','South Meda',40,459,'1976-01-06 18:19:25'),(263,'Claudia','Mann','rory05@example.net','bd0ef59e0787036a6c',0,'1995-01-15','m','East Braxtonfurt',20,340,'1982-01-30 23:04:40'),(264,'Vivian','Lakin','gbrakus@example.net','3f81ab8e9fa0ed173a',0,'1999-08-04','m','New Blanca',26,321,'1971-02-26 00:04:03'),(265,'Dale','Stanton','sterling.roberts@example.net','a7d722c4c3b818d7aa',1,'1985-11-02','m','Walshberg',33,195,'1989-03-22 09:21:26'),(266,'Orpha','Kulas','oscar18@example.com','1791090e9cbd1d90a3',0,'1977-09-22','f','North Muhammad',30,163,'2005-06-30 15:35:19'),(267,'Kamren','Hauck','rubie.ferry@example.org','4ffb036699e96d1d3d',0,'2005-12-02','f','Windlerville',7,69,'1972-01-25 08:11:13'),(268,'Jake','Boehm','dwilkinson@example.org','24f6e7c14b947e34b0',0,'1997-05-23','m','New Ruby',26,161,'1971-09-14 08:06:19'),(269,'Kevin','Ullrich','gregg16@example.net','83a44a6a96aa47ab0d',0,'1984-01-18','m','East Henderson',5,462,'1991-09-12 19:55:50'),(270,'Prudence','Harber','nikko.marks@example.com','688e922bf7828b396a',0,'1976-01-19','m','Aliville',13,397,'1992-09-03 21:49:32'),(271,'Katelynn','Dicki','ignacio72@example.net','19d474e56f68ea3cc7',1,'1978-02-12','f','South Violette',9,488,'1995-04-02 08:18:59'),(272,'Randal','Pfannerstill','xsanford@example.com','9e1d0ec341dcef7f0f',0,'1978-03-12','m','East Eddie',16,347,'1986-05-02 05:21:56'),(273,'Jakayla','West','zboncak.joe@example.net','0a6c922c54b68a3615',0,'1992-08-07','f','East Sonia',19,337,'2019-10-06 05:27:54'),(274,'Frankie','Howe','sydni71@example.org','52920f85e3d073ee45',0,'1979-02-17','m','New Anne',33,453,'1996-09-14 04:13:54'),(275,'Ara','Fisher','zparker@example.net','d2a547cc563919f54a',1,'2017-04-14','f','Volkmanfurt',26,381,'1994-06-23 16:18:37'),(276,'Edwina','Zemlak','ashleigh50@example.org','a9d45cb69947d808f1',0,'2008-02-04','m','Kelleymouth',3,250,'2003-08-02 15:32:16'),(277,'Magnus','Rogahn','lexus.rutherford@example.org','8c8b829d3ff31e3c6b',0,'2008-09-18','f','Jaquelinton',7,388,'1992-01-11 18:49:38'),(278,'Jermaine','Schroeder','hermann.shanie@example.com','9c79bbc67ccc23fdd1',1,'2005-02-22','f','New Alexandramouth',16,168,'1981-08-24 11:11:23'),(279,'Jazlyn','Pollich','fisher.cristopher@example.org','4b1ca0b24e44591b36',0,'1976-08-02','m','West Arnulfobury',35,486,'2014-10-12 13:10:03'),(280,'Stephon','Kuvalis','marisol91@example.org','0fe0a8750d762b1c7d',0,'1995-03-28','m','Lefflermouth',5,149,'1990-03-12 08:49:40'),(281,'Shane','Walker','nestor99@example.com','03c7a1eb9bbafd5cc6',1,'1998-04-04','f','Lake Rosie',20,459,'1988-06-23 21:27:09'),(282,'Maymie','Doyle','ayla88@example.com','4ad4bb46d042b73910',1,'2007-09-15','m','Jacobsonberg',24,144,'2001-02-11 15:50:16'),(283,'Ladarius','Hartmann','ziemann.rosalind@example.com','8034c11ac46e21b4fe',0,'1983-04-08','f','Linwoodtown',35,147,'2016-05-05 04:25:56'),(284,'Donnie','Rohan','leanne.langworth@example.net','d63f3f34c298bd434f',1,'1980-05-10','m','Jerdeshire',6,390,'1983-12-13 17:02:39'),(285,'Jake','Swaniawski','jacobson.yasmeen@example.net','fa9b53130e91c54b72',0,'2002-09-06','m','West Nyasia',37,333,'1971-11-03 04:05:53'),(286,'Alverta','Hessel','jasper.ullrich@example.org','25a8b35811194b4b55',1,'2010-01-19','f','Sophieborough',24,249,'1991-06-04 05:57:46'),(287,'Delilah','Padberg','linda02@example.org','d32bd6e658b88a329f',0,'1992-07-08','m','New Hazleport',39,34,'2014-07-29 08:07:07'),(288,'Jaylon','Schiller','lila52@example.com','0a70bf958f4d29cfd3',0,'1991-01-13','f','Lake Aric',11,304,'2013-07-10 02:03:29'),(289,'Levi','Volkman','brandy.hessel@example.org','3c16c2911ce1c2630e',0,'2015-03-03','m','Lake Modestaton',5,322,'2012-06-13 07:04:43'),(290,'Daisha','Schmidt','zturner@example.org','05282cf141704988fe',1,'1972-12-26','m','Port Christiana',23,467,'2016-06-16 17:57:24'),(291,'Maybelle','Cronin','hane.eloy@example.org','48f43d5fcc5959d212',0,'2015-06-07','m','Blockhaven',9,44,'1979-03-11 20:17:13'),(292,'Laury','Daugherty','salvatore98@example.com','7689f8bd5a3094a5d9',0,'2019-03-12','m','East Stewarttown',1,226,'1980-11-20 20:31:41'),(293,'Melba','Gibson','una.hayes@example.com','8ec85eccfc8abf575e',0,'1971-03-29','m','South Mara',20,281,'2007-07-25 12:38:23'),(294,'Myriam','O\'Keefe','rebecca92@example.com','c9aaa835c49f97783d',0,'1987-02-10','m','East Tod',8,459,'1981-04-06 06:07:36'),(295,'Broderick','Hodkiewicz','lenora70@example.org','a06f162b20045f3e9c',0,'2001-11-15','f','New Coramouth',3,106,'1993-06-04 08:19:21'),(296,'Felicia','Von','xhoppe@example.org','f80cdec8ab32ff3658',1,'1984-03-20','f','Dibbertberg',1,168,'1972-04-09 15:22:54'),(297,'Joannie','DuBuque','walsh.keely@example.org','49a6aef17687bb5fc3',0,'2003-06-02','f','Lessieville',32,79,'1982-09-13 19:53:52'),(298,'Bernita','Larson','ycummings@example.com','4f63bf6dd93243c2ab',0,'1984-05-24','f','West Conorbury',2,124,'1990-03-15 22:17:17'),(299,'Freda','Weissnat','monserrate41@example.com','20d0c07dd0ad9a0b93',0,'2006-03-02','f','North Mattborough',18,189,'1979-08-03 19:48:26'),(300,'Kirstin','Wiegand','skye.thiel@example.org','65509a999249a8384a',0,'2004-03-06','f','North Muhammadton',33,125,'1986-11-17 04:45:44'),(301,'Emilia','Crooks','annette.sawayn@example.org','f0372287e3efe7b398',0,'1997-06-04','f','Carmineport',13,224,'1987-10-19 21:45:47'),(302,'Margaretta','Boyle','sipes.lula@example.net','7e4f1b8fc687165ce0',1,'2015-04-17','f','Lake Antoninatown',29,193,'1982-04-02 06:53:07'),(303,'Margaret','Wolf','altenwerth.abraham@example.com','7e3972c5b9eb28a445',0,'2013-02-14','f','New Elmer',1,380,'2019-04-29 10:33:09'),(304,'Joe','Franecki','heller.arden@example.org','ef709854bf6a218fb5',0,'1972-08-26','f','New Hal',26,80,'2017-12-27 12:48:26'),(305,'Vincent','Heidenreich','tgreen@example.com','4b785b4e7790f54fbb',0,'2012-05-17','f','Lethaton',23,14,'2009-09-26 00:15:59'),(306,'Cristal','Volkman','anissa.moore@example.net','c998147ff7f84e36f1',0,'2014-12-09','m','Lake Norval',30,380,'2008-12-30 11:28:35'),(307,'Stephany','Keebler','mosciski.myrl@example.net','c3053199927080d63b',1,'2017-01-16','f','Margueritemouth',33,367,'2004-09-19 23:55:13'),(308,'Curt','Goyette','devyn.frami@example.com','08290264d7da494144',0,'1972-12-21','m','South Toneyview',1,445,'1994-09-23 23:19:06'),(309,'Ayla','Spinka','fkautzer@example.net','b6e41e43deb20e3371',1,'2014-01-15','f','Kylieton',26,22,'1991-02-23 16:52:25'),(310,'Shanon','Graham','keeley.lowe@example.com','ebffa89a48cd119a09',0,'2016-01-01','f','Eunahaven',13,187,'1971-08-12 05:50:09'),(311,'Tiara','Brekke','tanya28@example.com','a4566f9b98a6d3c709',0,'1984-03-29','f','Port Marlee',8,270,'2011-01-21 06:10:03'),(312,'Billy','Gleason','linda93@example.com','453c50124f2c2d760f',0,'1986-10-12','f','New Beverly',2,374,'1982-01-26 00:12:59'),(313,'Ned','Baumbach','quinten01@example.com','3c4016bf857069e2f7',0,'1972-12-26','f','Port Adrienne',4,61,'1990-09-05 23:08:00'),(314,'Magdalena','Wiza','louisa00@example.com','11a5037bf0a7a90847',1,'2011-06-04','f','Rohanhaven',20,352,'1975-06-26 03:48:26'),(315,'Dorris','Nicolas','pward@example.com','01b4bb92032e396ba1',1,'2016-09-26','f','Davionshire',16,86,'2012-06-22 09:31:29'),(316,'Maryam','Watsica','gfritsch@example.com','0602757af8ec20c3c2',0,'1975-04-13','m','Port Nettiefort',23,245,'1979-10-29 06:32:41'),(317,'Louvenia','Harvey','nicole72@example.org','056d9c180696ca37b8',1,'1977-09-04','m','Port Colin',15,152,'2014-02-25 02:54:02'),(318,'Sandra','Gulgowski','angus.wisozk@example.net','8c759b593219c067f3',1,'1997-12-09','f','East Mortimerland',25,49,'1985-05-13 09:44:44'),(319,'Uriel','Nienow','collins.angus@example.net','ffe0ea45605cbcb51a',1,'2012-05-22','m','Lake Aaron',3,460,'1991-11-18 07:14:12'),(320,'Jane','Carroll','floyd10@example.org','910187c4713721e567',1,'1984-09-17','f','Kassulkechester',31,417,'2007-08-06 01:03:23'),(321,'Marcia','Runolfsson','kyler.terry@example.org','717a45621837a85309',1,'2014-08-03','m','West Barbara',32,464,'2011-07-29 15:18:22'),(322,'Adrian','Wilkinson','nathanial.robel@example.net','b78db1b1aaf13fdae5',0,'2011-08-17','m','Mullerton',18,225,'1987-08-22 08:52:35'),(323,'Felipa','Klocko','rdubuque@example.com','cfaa9ecae9bb7914a6',0,'2010-03-11','m','Hoegerborough',38,373,'2004-06-16 04:13:22'),(324,'Fay','Halvorson','harmon.johns@example.com','a5a1b9f98ecd42ab77',1,'2015-07-13','f','New Aidaberg',38,429,'2008-10-02 06:26:09'),(325,'Lazaro','Heller','petra.harvey@example.net','17e2bfc0a9b4c9bd24',0,'1991-06-02','f','East Dereck',25,489,'1978-04-01 02:40:57'),(326,'Lafayette','Abernathy','edison.padberg@example.net','8fb5f2b9f4ad8d37d1',1,'1988-03-01','m','Norwoodhaven',19,241,'1981-01-01 20:50:29'),(327,'Amari','Raynor','bradtke.emmet@example.net','cb15a4062ada2acb0d',0,'2011-09-08','f','Stiedemannshire',37,222,'2010-02-09 15:39:50'),(328,'Monroe','Bode','carter.rasheed@example.net','b4b268f2c06bc145bd',1,'1999-03-06','m','North Judgeville',29,461,'2003-08-10 07:36:35'),(329,'Ashleigh','Corkery','vernie.koepp@example.net','20afab7cf6c78fb729',1,'1986-09-05','m','North Milton',5,262,'1991-11-18 11:32:31'),(330,'Tatum','Rau','aron86@example.com','6bf934e3e8c7e0cf75',0,'2003-05-21','f','Duanechester',8,402,'1992-06-30 23:46:56'),(331,'Ellsworth','Satterfield','alda.kessler@example.org','844b8fe39de8300295',1,'1979-08-04','m','Gibsonport',4,118,'2003-11-14 06:56:17'),(332,'Caleigh','Walker','lamont82@example.org','26074cd058376bbdba',1,'1980-06-26','f','Rolfsonfurt',25,358,'1989-02-25 14:54:43'),(333,'Julian','Balistreri','chase60@example.org','77b7a6e4cd1699807e',1,'1991-04-11','f','Port Mossiechester',17,14,'2006-08-29 20:15:13'),(334,'Jaeden','Koepp','gzboncak@example.org','3e7ff6b941b1532cf8',0,'1984-02-07','f','Alfredstad',30,141,'2016-10-05 08:22:48'),(335,'Eileen','Bogisich','abdiel08@example.com','880942bb73dca5246b',0,'1973-08-27','m','Jessieton',29,327,'2013-01-03 17:30:23'),(336,'Keagan','Dickinson','magali.bashirian@example.org','eb22162d595f13af77',1,'2008-06-01','m','Ariberg',30,231,'2001-05-25 10:16:20'),(337,'Asha','Kshlerin','langworth.brody@example.com','98b4c7d191b6b82bb2',1,'2000-01-31','m','Kiannaport',30,69,'1996-06-22 13:55:43'),(338,'Manley','Trantow','kuhlman.ezequiel@example.com','948be0430e70dac961',0,'2013-06-11','f','Sauertown',8,44,'2014-07-27 05:39:45'),(339,'Elza','Strosin','abelardo.treutel@example.net','ceaf551e39a898ce94',1,'2012-07-28','f','Lake Maximillian',6,202,'1986-04-01 20:58:26'),(340,'Ashton','Harris','stacy.schmeler@example.org','8b9b8d0003decba9da',0,'2005-09-19','m','New Trudiemouth',10,359,'1982-12-05 15:18:30'),(341,'Precious','Hickle','gquigley@example.com','55e2d2df1582ab7e08',1,'2018-01-27','f','West Karleeborough',7,223,'2009-12-08 18:58:09'),(342,'Geovany','Osinski','pwilliamson@example.com','678dd52ad91e834544',1,'1975-04-07','f','North Karlifort',19,295,'1999-08-02 16:43:37'),(343,'Mario','Torp','pbechtelar@example.net','b480ba70b6f32f4364',1,'1976-07-15','m','South Eliseoside',32,37,'1985-04-07 21:59:05'),(344,'Vena','Jones','justice40@example.org','3886f96d6d0a69a013',0,'1983-11-22','f','Bechtelarbury',37,49,'1971-07-24 11:37:57'),(345,'Woodrow','Schamberger','hlehner@example.com','46906cde7be32f74e8',1,'1990-07-30','f','Lake Jamaalberg',3,296,'2016-01-28 02:38:38'),(346,'Aron','Wolff','vandervort.christa@example.net','5af73ff708d1dc7c88',0,'2012-02-18','m','Beierville',33,396,'1991-11-28 22:54:06'),(347,'Estefania','Pfeffer','dietrich.madeline@example.org','4523fbad1c1d85048e',0,'1989-03-21','f','Howeside',24,223,'2013-07-22 12:45:57'),(348,'Kenyatta','Marvin','ocorwin@example.org','13812d3d7c14344dd0',1,'1981-02-02','m','Cliftonmouth',20,310,'2007-04-26 00:34:07'),(349,'Moriah','Klocko','owisoky@example.com','5c15aa580c3c60e720',1,'1975-07-04','f','East Dexterfort',11,254,'1972-11-21 03:17:05'),(350,'Maribel','Huels','jast.jessica@example.net','5a7faa74cd72655792',1,'1984-10-19','m','Vitomouth',40,445,'2016-02-14 01:06:11'),(351,'Agustin','Strosin','ruecker.garret@example.com','01836f1689313b448a',1,'1971-07-04','f','Tillmanside',1,328,'2002-02-19 14:33:33'),(352,'Whitney','Gislason','cruickshank.mckenna@example.net','380ce14e3d5b57bfa5',1,'1979-08-20','f','Brayanhaven',27,460,'2005-08-10 13:33:26'),(353,'Alba','Erdman','uheathcote@example.com','2b1902f8f013f19a82',1,'2002-02-05','m','Runolfssonberg',31,18,'2016-05-12 14:50:40'),(354,'Jude','O\'Kon','blick.otis@example.org','625ce17cb592b90935',1,'2006-07-18','f','Cesarport',36,75,'1970-11-14 08:26:20'),(355,'Belle','Schaefer','ava34@example.net','b6466311c7d7d6341f',1,'2005-09-20','m','Port Christianaburgh',15,462,'2004-06-06 04:10:59'),(356,'Chaim','Rau','kayla20@example.net','fea8b06d91cc7321fd',0,'1973-11-10','m','South Jamaalhaven',13,331,'1983-02-09 14:20:46'),(357,'Lucas','Cummings','terence86@example.com','060d865393f7321e17',1,'2001-03-14','m','Lake Ismaelberg',36,312,'2010-09-07 15:11:09'),(358,'Pierre','Zboncak','lowe.carissa@example.org','1b28c42ee31aba583b',1,'1995-01-06','f','West Gladyce',13,23,'2001-02-23 21:09:18'),(359,'Carissa','Heller','klocko.lyric@example.org','881fa952f7fedf9fe1',0,'1988-06-02','f','Nolantown',6,66,'1992-10-01 06:48:44'),(360,'Maye','Wyman','laverne75@example.org','2a2e8272677508bea1',0,'1978-10-25','m','Pedromouth',3,253,'1982-06-04 18:28:21'),(361,'Osbaldo','Frami','schoen.sylvia@example.com','dedccad37f9350f72f',1,'1972-10-03','m','Tremayneshire',30,270,'2003-03-24 11:55:07'),(362,'Lonnie','Botsford','rippin.velda@example.com','0c848cba902fe4ca3f',0,'1973-11-09','m','West Andrewborough',31,306,'2015-08-26 13:39:10'),(363,'Brown','Bailey','richie83@example.com','fabd7ffa05bdedd3a6',1,'1982-12-26','f','McGlynnshire',15,110,'1972-06-07 07:46:22'),(364,'Cleve','Quigley','dawn55@example.com','e7fe04966b1f3f423b',0,'2005-12-12','f','Kohlerton',23,206,'2011-04-05 14:58:51'),(365,'Dusty','Lind','arlene80@example.org','59f64b839c602dc0fb',0,'2015-08-12','f','Ignatiusfurt',3,405,'1971-12-20 05:25:39'),(366,'Lupe','Larson','ona.terry@example.com','2bf344c041b63388d2',0,'2005-03-04','f','Earnesttown',32,159,'2019-05-21 12:31:49'),(367,'Soledad','Cartwright','wiegand.philip@example.com','f2edc11fa33786434d',1,'1977-05-21','m','South Reina',24,171,'1994-11-05 18:22:55'),(368,'Reagan','Maggio','reynolds.rodrick@example.com','72403e3efb950165cf',0,'1987-04-25','f','Anitaland',37,462,'2017-11-16 17:14:56'),(369,'Betsy','Carter','ebernhard@example.net','7708c02e13a1ba8263',0,'2015-05-12','f','Steveside',25,412,'2000-01-01 03:30:27'),(370,'Kailee','Lakin','lebsack.stephanie@example.com','eab99a88dc5d0d7e2b',0,'1995-02-27','m','West Velvamouth',4,27,'1993-07-06 03:48:04'),(371,'Brandy','Kautzer','labadie.nelson@example.org','8ad3586557205a82da',0,'2001-04-25','f','Eldonview',13,287,'1984-02-05 22:49:04'),(372,'Else','Hayes','cbartell@example.com','25e56952bef3392f9b',0,'1987-05-10','m','Fadelmouth',9,261,'1982-11-28 09:30:16'),(373,'Retha','Rempel','kihn.mandy@example.org','59951b38a7b7c825a0',1,'2000-11-24','f','West Raheemmouth',28,169,'1981-03-13 04:32:02'),(374,'Darian','Bruen','evon@example.org','0a6b0fa8f1dc0c9cc3',1,'1984-07-11','m','Lake Isabelhaven',33,38,'2014-06-19 08:09:23'),(375,'Ramiro','Moen','bartoletti.colton@example.org','6ac9173be2bf361684',1,'1975-09-02','f','Raeganfurt',13,286,'1996-06-21 13:28:55'),(376,'Heidi','Hackett','tcollier@example.org','79a2b92a04a85c99d0',1,'2006-12-08','m','Williamsonbury',23,490,'1974-02-22 03:43:45'),(377,'Jefferey','Leuschke','merle09@example.net','89cb6cb1438a4b0e99',0,'2001-11-19','f','Port Hosea',11,450,'1986-02-17 14:08:44'),(378,'Kenna','Stiedemann','lillie.hoppe@example.com','5c4936af3efc134b27',1,'2019-12-24','m','Nealfurt',15,352,'1998-09-04 21:50:14'),(379,'Kenny','Hane','rosina.marks@example.com','406bb9a103308bebf5',0,'1985-03-05','m','East Tonyberg',39,382,'1985-11-03 07:34:59'),(380,'Marian','Hirthe','hyman.denesik@example.org','b395ad46d65a559cbb',1,'1989-08-19','m','Parisianfort',13,464,'1975-11-10 06:28:17'),(381,'Pierce','Rice','soledad.upton@example.net','92b08f0cff5175e964',1,'1990-12-09','f','Lake Amariport',17,244,'1974-02-06 20:04:51'),(382,'Nia','Okuneva','smitham.reynold@example.com','3372798f2f919e467d',0,'1970-11-13','m','Charitychester',19,258,'1993-10-07 04:04:42'),(383,'Devon','Turcotte','pfeffer.dayna@example.com','fcf60b5cdaa68ec64a',1,'2018-09-21','m','Maiaview',38,19,'1975-08-25 01:45:35'),(384,'Mercedes','Quigley','zwatsica@example.com','69f34af5a461e44bd0',1,'1996-02-27','f','New Katlynside',6,95,'1984-12-09 15:17:58'),(385,'Electa','Blanda','shanahan.cathrine@example.com','c4ed7e7fdee283afe6',0,'1970-02-28','f','Amelymouth',5,294,'1978-10-24 02:16:52'),(386,'Omari','Funk','dana51@example.org','56ddf63ee8c87da5ac',0,'1984-10-30','m','North Elinorview',11,271,'1990-01-13 21:14:54'),(387,'Aric','Kulas','bstamm@example.net','d3bfcbbf076e7e77f6',0,'2014-12-21','f','Dareside',34,485,'1982-10-14 19:52:26'),(388,'Shawn','Wiza','bschmeler@example.org','c4a73859344cb0417e',1,'1983-06-03','m','West Mozell',2,270,'2018-02-08 00:11:39'),(389,'Patrick','Kulas','martine38@example.org','1fe79be9f93f2772b7',0,'1972-06-25','f','North Eliasburgh',17,280,'1971-09-22 17:50:44'),(390,'Rosalinda','Rosenbaum','rex05@example.org','733d4918203df01b0d',1,'2001-10-16','m','Wardborough',40,51,'1983-11-25 10:25:26'),(391,'Berenice','Pfeffer','demond39@example.net','704ca78615ef3f8c5f',0,'2008-01-03','f','Kassandraville',27,261,'1979-11-24 00:19:55'),(392,'Marisa','Braun','sshanahan@example.org','a3bc7fbb2b0f26713b',1,'1996-04-02','m','Port Bessie',9,492,'1990-07-19 20:35:00'),(393,'Kelly','Bode','kshlerin.johnathon@example.org','6122276388185f7dac',0,'2012-04-09','m','New Hymanport',31,181,'2006-02-11 18:07:22'),(394,'Sylvan','Rath','runolfsdottir.adolph@example.org','14221aa33bfd33b9e7',0,'1974-07-21','m','New Cordiaport',20,95,'1997-06-01 15:45:26'),(395,'Marcelino','Lind','gene80@example.net','c5463594db3c3c4e36',0,'1987-09-24','f','Lake Randalberg',15,468,'2014-08-16 19:49:32'),(396,'Armani','Bartoletti','khalil.hahn@example.org','c65c8d3a6a83dd34da',0,'2010-02-09','m','North Eldoraland',12,485,'2017-12-23 07:16:07'),(397,'Fleta','Franecki','esteban.feest@example.com','f6bd4ee12602ee0410',0,'2020-02-25','m','Ashtynside',3,307,'1985-06-12 23:25:25'),(398,'Marcia','Bechtelar','wunsch.lavinia@example.org','769a2ca2864e88d4f4',1,'1999-08-29','m','East Monserrat',31,424,'2006-10-18 10:29:07'),(399,'Emerson','Satterfield','johns.maybelle@example.org','2014eadeba57c4f61b',0,'1984-05-19','m','North Henrifurt',20,90,'2013-02-14 07:27:09'),(400,'Sigmund','Schulist','norberto.king@example.net','2a432d6435aa643d03',0,'1994-11-03','m','Port Brooklynhaven',20,199,'1982-08-15 02:46:38');
/*!40000 ALTER TABLE `users` ENABLE KEYS */;
UNLOCK TABLES;

--
-- Final view structure for view `apt_contries_cities`
--

/*!50001 DROP VIEW IF EXISTS `apt_contries_cities`*/;
/*!50001 SET @saved_cs_client          = @@character_set_client */;
/*!50001 SET @saved_cs_results         = @@character_set_results */;
/*!50001 SET @saved_col_connection     = @@collation_connection */;
/*!50001 SET character_set_client      = utf8mb4 */;
/*!50001 SET character_set_results     = utf8mb4 */;
/*!50001 SET collation_connection      = utf8mb4_0900_ai_ci */;
/*!50001 CREATE ALGORITHM=UNDEFINED */
/*!50013 DEFINER=`root`@`localhost` SQL SECURITY DEFINER */
/*!50001 VIEW `apt_contries_cities` (`apart_id`,`country_name`,`city`) AS select `apartments`.`id` AS `id`,`countries`.`country_name` AS `country_name`,`apartments`.`city` AS `city` from (`apartments` join `countries` on((`apartments`.`country_id` = `countries`.`id`))) */;
/*!50001 SET character_set_client      = @saved_cs_client */;
/*!50001 SET character_set_results     = @saved_cs_results */;
/*!50001 SET collation_connection      = @saved_col_connection */;
/*!40103 SET TIME_ZONE=@OLD_TIME_ZONE */;

/*!40101 SET SQL_MODE=@OLD_SQL_MODE */;
/*!40014 SET FOREIGN_KEY_CHECKS=@OLD_FOREIGN_KEY_CHECKS */;
/*!40014 SET UNIQUE_CHECKS=@OLD_UNIQUE_CHECKS */;
/*!40101 SET CHARACTER_SET_CLIENT=@OLD_CHARACTER_SET_CLIENT */;
/*!40101 SET CHARACTER_SET_RESULTS=@OLD_CHARACTER_SET_RESULTS */;
/*!40101 SET COLLATION_CONNECTION=@OLD_COLLATION_CONNECTION */;
/*!40111 SET SQL_NOTES=@OLD_SQL_NOTES */;

-- Dump completed on 2020-03-14 17:38:26
